mine,date,tmin_c,tmax_c,tmean_c,pressure_hpa,weather_code,cloud_cover_pct,humidity_pct,wind_dir_deg,wind_speed_kmh,weather_label
Balaghat Mine,2025-09-29,23.2,30.1,26.3,970.4,51,50,85,158,8.8,Light drizzle
Balaghat Mine,2025-09-30,23.0,31.1,26.4,969.8,61,81,85,35,8.5,Slight rain
Balaghat Mine,2025-10-01,22.8,31.1,25.9,969.5,63,81,87,336,15.3,Moderate rain
Balaghat Mine,2025-10-02,23.4,30.5,26.1,970.8,63,87,87,351,13.9,Moderate rain
Balaghat Mine,2025-10-03,23.9,28.1,25.7,972.3,53,100,89,339,15.1,Moderate drizzle
Balaghat Mine,2025-10-04,24.2,31.0,26.3,973.2,53,98,88,307,13.9,Moderate drizzle
Balaghat Mine,2025-10-05,23.2,29.9,25.4,974.4,63,99,92,301,15.5,Moderate rain
Balaghat Mine,2025-10-06,23.3,29.0,25.7,975.3,61,76,87,305,7.1,Slight rain
Balaghat Mine,2025-10-07,21.4,30.3,25.6,975.5,63,40,84,327,11.9,Moderate rain
Balaghat Mine,2025-10-08,22.3,30.5,26.1,975.7,3,42,77,343,11.0,Overcast
Balaghat Mine,2025-10-09,22.6,30.4,26.1,976.6,51,26,77,357,12.7,Light drizzle
Balaghat Mine,2025-10-10,21.7,28.8,24.6,976.0,51,34,82,9,11.8,Light drizzle
Balaghat Mine,2025-10-11,21.5,29.0,24.8,975.9,51,18,78,14,9.7,Light drizzle
Balaghat Mine,2025-10-12,19.8,29.2,24.5,975.8,51,11,79,9,9.5,Light drizzle
Balaghat Mine,2025-10-13,20.7,29.2,24.8,976.3,51,16,82,4,9.3,Light drizzle
Balaghat Mine,2025-10-14,21.0,30.5,25.5,975.3,51,17,78,89,10.6,Light drizzle
Balaghat Mine,2025-10-15,21.7,30.9,25.9,975.2,51,7,76,62,12.3,Light drizzle
Balaghat Mine,2025-10-16,20.9,30.3,25.3,975.8,51,15,81,20,7.8,Light drizzle
Balaghat Mine,2025-10-17,20.7,30.6,25.6,977.1,1,8,76,346,8.4,Mainly clear
Balaghat Mine,2025-10-18,20.7,31.2,25.2,976.2,51,6,71,2,10.3,Light drizzle
Balaghat Mine,2025-10-19,18.4,31.3,24.4,975.3,0,3,68,359,10.6,Clear sky
Balaghat Mine,2025-10-20,18.0,30.4,24.3,975.5,51,15,79,45,11.4,Light drizzle
Balaghat Mine,2025-10-21,22.4,31.5,26.0,976.4,51,32,78,69,13.3,Light drizzle
Balaghat Mine,2025-10-22,22.1,31.7,26.5,976.7,2,8,71,69,9.0,Partly cloudy
Balaghat Mine,2025-10-23,20.8,32.1,26.4,976.0,51,8,67,70,8.9,Light drizzle
Balaghat Mine,2025-10-24,21.6,31.9,26.5,975.9,3,13,68,87,8.1,Overcast
Balaghat Mine,2025-10-25,22.8,27.3,24.8,975.9,61,97,84,29,10.5,Slight rain
Balaghat Mine,2025-10-26,21.9,27.8,23.8,976.1,63,89,90,21,9.8,Moderate rain
Balaghat Mine,2025-10-27,21.4,30.7,25.6,975.4,3,64,77,103,15.7,Overcast
Balaghat Mine,2025-10-28,23.5,29.0,25.8,974.3,51,96,78,49,14.3,Light drizzle
Balaghat Mine,2025-10-29,24.3,29.7,26.5,971.6,55,100,77,57,19.2,Dense drizzle
Balaghat Mine,2025-10-30,22.9,25.8,24.1,971.2,63,92,91,104,18.3,Moderate rain
Balaghat Mine,2025-10-31,22.4,29.0,24.5,974.6,63,82,90,282,18.4,Moderate rain
Balaghat Mine,2025-11-01,22.0,30.0,25.4,976.0,51,28,83,337,9.9,Light drizzle
Balaghat Mine,2025-11-02,22.0,29.5,25.5,976.3,51,18,81,334,11.6,Light drizzle
Balaghat Mine,2025-11-03,21.4,30.3,25.5,975.6,51,9,75,348,10.7,Light drizzle
Balaghat Mine,2025-11-04,19.4,29.8,24.4,975.3,3,31,76,317,9.1,Overcast
Balaghat Mine,2025-11-05,20.6,29.1,24.5,974.8,3,44,75,344,10.7,Overcast
Balaghat Mine,2025-11-06,20.6,29.7,24.6,976.3,3,15,67,346,13.7,Overcast
Balaghat Mine,2025-11-07,18.0,29.0,22.8,978.1,0,0,58,350,11.9,Clear sky
Balaghat Mine,2025-11-08,15.5,27.6,21.1,979.1,0,0,58,356,11.1,Clear sky
Balaghat Mine,2025-11-09,13.3,26.6,19.5,978.2,0,0,57,354,10.9,Clear sky
Balaghat Mine,2025-11-10,11.4,27.1,18.8,978.0,0,0,60,351,9.6,Clear sky
Balaghat Mine,2025-11-11,11.9,27.1,18.9,978.7,0,0,58,353,10.9,Clear sky
Balaghat Mine,2025-11-12,11.7,27.7,19.4,979.6,0,0,59,353,11.1,Clear sky
Balaghat Mine,2025-11-13,12.9,28.0,19.6,980.5,0,0,57,356,11.8,Clear sky
Balaghat Mine,2025-11-14,11.5,27.9,19.2,980.2,0,0,59,356,10.0,Clear sky
Balaghat Mine,2025-11-15,12.2,27.4,19.2,981.1,0,0,60,349,11.4,Clear sky
Balaghat Mine,2025-11-16,12.4,26.7,19.0,982.2,0,0,55,342,11.9,Clear sky
Balaghat Mine,2025-11-17,12.3,25.9,18.7,981.8,0,0,59,340,10.1,Clear sky
Balaghat Mine,2025-11-18,11.9,25.8,18.5,979.8,0,0,63,345,8.4,Clear sky
Balaghat Mine,2025-11-19,11.6,26.5,18.7,979.6,0,0,67,348,8.0,Clear sky
Balaghat Mine,2025-11-20,12.9,27.4,19.6,980.4,0,0,68,339,9.6,Clear sky
Balaghat Mine,2025-11-21,14.2,28.2,20.6,981.5,0,0,65,349,9.0,Clear sky
Balaghat Mine,2025-11-22,14.0,28.4,21.0,980.4,3,9,60,337,8.5,Overcast
Balaghat Mine,2025-11-23,15.2,28.6,21.2,980.2,3,48,57,349,11.3,Overcast
Balaghat Mine,2025-11-24,16.4,28.7,21.9,980.7,3,21,63,347,11.4,Overcast
Balaghat Mine,2025-11-25,16.1,28.1,21.8,980.5,1,4,71,341,11.8,Mainly clear
Balaghat Mine,2025-11-26,17.0,28.1,21.7,980.9,1,7,71,349,9.8,Mainly clear
Balaghat Mine,2025-11-27,15.9,28.4,21.2,981.3,0,0,64,360,14.3,Clear sky
Balaghat Mine,2025-11-28,11.8,25.9,18.3,980.1,2,5,59,341,10.0,Partly cloudy
Balaghat Mine,2025-11-29,11.4,26.3,18.3,979.0,3,71,65,338,9.0,Overcast
Balaghat Mine,2025-11-30,12.0,26.3,18.9,978.5,3,80,63,339,10.9,Overcast
Balaghat Mine,2025-12-01,13.8,26.9,19.7,978.4,3,56,65,335,9.0,Overcast
Balaghat Mine,2025-12-02,13.9,27.5,19.4,978.5,2,10,66,350,10.5,Partly cloudy
Balaghat Mine,2025-12-03,12.8,27.1,19.0,980.3,0,1,67,345,10.7,Clear sky
Balaghat Mine,2025-12-04,12.4,27.1,18.9,981.6,0,0,61,349,11.8,Clear sky
Balaghat Mine,2025-12-05,12.2,26.6,18.7,982.8,3,35,60,354,12.1,Overcast
Balaghat Mine,2025-12-06,11.3,25.7,17.7,982.7,3,84,51,344,12.9,Overcast
Balaghat Mine,2025-12-07,10.2,28.0,18.3,982.3,3,95,51,353,11.9,Overcast
Balaghat Mine,2025-12-08,10.9,28.6,18.6,981.8,3,14,49,356,11.9,Overcast
Balaghat Mine,2025-12-09,11.0,28.3,18.7,981.4,1,1,49,357,13.5,Mainly clear
Balaghat Mine,2025-12-10,11.4,27.3,18.6,981.9,0,0,44,358,13.3,Clear sky
Balaghat Mine,2025-12-11,10.0,27.0,18.1,980.7,0,0,53,347,11.7,Clear sky
Balaghat Mine,2025-12-12,10.5,27.0,18.1,979.6,0,0,54,348,10.9,Clear sky
Balaghat Mine,2025-12-13,10.5,26.8,18.3,979.9,0,0,53,349,11.7,Clear sky
Balaghat Mine,2025-12-14,10.8,25.9,18.2,980.5,0,0,55,348,10.4,Clear sky
Balaghat Mine,2025-12-15,11.2,25.6,18.1,981.0,0,0,62,351,9.7,Clear sky
Balaghat Mine,2025-12-16,11.1,25.9,18.0,980.8,0,0,62,349,11.5,Clear sky
Balaghat Mine,2025-12-17,10.1,28.0,18.2,981.5,0,0,58,351,12.4,Clear sky
Balaghat Mine,2025-12-18,11.0,27.1,18.6,981.3,0,0,56,354,15.9,Clear sky
Balaghat Mine,2025-12-19,10.3,25.3,17.3,979.5,0,0,65,348,14.2,Clear sky
Balaghat Mine,2025-12-20,10.2,26.4,17.4,978.4,0,0,62,351,14.0,Clear sky
Balaghat Mine,2025-12-21,9.4,26.3,17.2,979.5,3,68,57,350,13.3,Overcast
Balaghat Mine,2025-12-22,10.9,26.7,18.2,979.4,3,47,59,350,14.9,Overcast
Balaghat Mine,2025-12-23,11.1,27.4,18.5,978.9,3,9,56,358,12.6,Overcast
Balaghat Mine,2025-12-24,11.2,27.0,18.9,979.1,3,40,57,358,13.4,Overcast
Balaghat Mine,2025-12-25,11.8,26.2,18.4,979.6,2,10,57,354,9.2,Partly cloudy
Balaghat Mine,2025-12-26,10.8,25.9,18.0,979.6,0,0,58,352,11.6,Clear sky
Balaghat Mine,2025-12-27,10.1,25.6,17.4,979.8,0,0,53,355,11.0,Clear sky
Balaghat Mine,2025-12-28,8.9,26.0,17.0,980.3,0,0,51,351,10.3,Clear sky
Balaghat Mine,2025-12-29,9.5,26.4,17.0,979.9,0,0,55,345,10.3,Clear sky
Balaghat Mine,2025-12-30,9.1,26.7,17.4,978.5,2,15,51,343,10.3,Partly cloudy
Balaghat Mine,2025-12-31,12.2,26.7,18.8,976.7,2,3,43,351,6.7,Partly cloudy
Balaghat Mine,2026-01-01,11.3,26.7,18.9,977.3,0,2,48,31,9.4,Clear sky
Balaghat Mine,2026-01-02,12.4,27.2,19.5,979.3,3,31,58,347,8.9,Overcast
Balaghat Mine,2026-01-03,13.7,26.9,19.8,980.3,3,18,63,352,12.6,Overcast
Balaghat Mine,2026-01-04,14.1,26.3,19.6,981.5,2,7,67,353,15.2,Partly cloudy
Balaghat Mine,2026-01-05,12.1,24.7,17.6,982.9,0,0,55,348,14.4,Clear sky
Balaghat Mine,2026-01-06,8.5,25.5,16.2,982.7,0,0,52,354,10.3,Clear sky
Balaghat Mine,2026-01-07,9.6,26.6,17.5,983.2,1,6,50,1,12.5,Mainly clear
Balaghat Mine,2026-01-08,11.3,26.2,18.4,983.3,0,0,52,349,14.6,Clear sky
Balaghat Mine,2026-01-09,11.4,26.7,18.3,982.8,3,66,54,9,11.8,Overcast
Balaghat Mine,2026-01-10,9.5,26.9,17.6,982.0,3,19,52,352,8.1,Overcast
Balaghat Mine,2026-01-11,10.4,26.8,18.2,983.3,0,0,55,356,9.6,Clear sky
Balaghat Mine,2026-01-12,12.2,26.9,18.7,983.7,0,0,51,5,7.5,Clear sky
Balaghat Mine,2026-01-13,12.2,27.1,19.0,982.7,0,0,51,355,13.6,Clear sky
Balaghat Mine,2026-01-14,11.4,27.2,19.2,980.1,2,11,56,20,14.3,Partly cloudy
Balaghat Mine,2026-01-15,12.6,27.0,19.3,979.9,0,0,52,355,12.9,Clear sky
Balaghat Mine,2026-01-16,10.2,27.5,18.2,979.7,1,2,48,351,10.7,Mainly clear
Balaghat Mine,2026-01-17,10.8,29.0,19.3,978.1,3,5,44,347,8.3,Overcast
Balaghat Mine,2026-01-18,13.1,29.0,20.7,976.4,1,4,38,41,9.7,Mainly clear
Balaghat Mine,2026-01-19,15.0,29.0,21.4,977.7,0,0,40,219,9.3,Clear sky
Balaghat Mine,2026-01-20,15.8,29.2,21.4,978.7,3,22,47,350,11.4,Overcast
Balaghat Mine,2026-01-21,14.3,27.9,21.0,980.3,1,8,50,347,10.6,Mainly clear
Balaghat Mine,2026-01-22,14.0,28.0,20.7,980.6,1,6,45,359,12.3,Mainly clear
Balaghat Mine,2026-01-23,15.6,28.8,21.6,981.0,2,8,40,149,11.8,Partly cloudy
Balaghat Mine,2026-01-24,15.7,28.1,21.3,982.3,1,10,46,116,10.2,Mainly clear
Balaghat Mine,2026-01-25,13.1,28.4,20.9,981.1,1,9,49,343,11.5,Mainly clear
Balaghat Mine,2026-01-26,13.9,28.8,21.3,982.1,1,8,44,65,11.3,Mainly clear
Balaghat Mine,2026-01-27,15.7,29.4,22.1,982.2,0,0,46,140,9.2,Clear sky
Balaghat Mine,2026-01-28,16.4,27.8,22.2,981.2,1,12,54,355,13.0,Mainly clear
Balaghat Mine,2026-01-29,16.6,27.8,21.6,981.5,3,37,65,351,14.9,Overcast
Balaghat Mine,2026-01-30,14.4,28.6,20.9,981.7,3,86,57,355,11.6,Overcast
Balaghat Mine,2026-01-31,14.1,30.6,21.5,981.7,3,98,45,341,15.9,Overcast
Balaghat Mine,2026-02-01,15.2,29.9,22.1,981.6,3,83,47,331,11.4,Overcast
Balaghat Mine,2026-02-02,15.7,29.9,22.5,981.6,3,27,46,330,12.3,Overcast
Balaghat Mine,2026-02-03,15.4,29.9,22.5,982.0,3,12,47,8,12.2,Overcast
Balaghat Mine,2026-02-04,16.5,29.3,22.4,982.6,1,7,48,342,11.6,Mainly clear
Balaghat Mine,2026-02-05,15.6,29.4,22.2,982.7,0,3,51,346,12.4,Clear sky
Balaghat Mine,2026-02-06,15.7,29.7,22.2,982.6,0,0,47,351,16.5,Clear sky
Balaghat Mine,2026-02-07,15.2,29.0,21.8,981.3,0,0,40,355,16.6,Clear sky
Balaghat Mine,2026-02-08,13.6,29.0,21.4,979.9,0,0,38,354,12.1,Clear sky
Balaghat Mine,2026-02-09,13.4,29.2,21.3,979.2,0,0,43,1,9.1,Clear sky
Balaghat Mine,2026-02-10,13.4,30.7,22.0,979.8,0,1,40,356,10.6,Clear sky
Balaghat Mine,2026-02-11,15.8,31.8,23.1,981.4,1,1,39,344,17.0,Mainly clear
Balaghat Mine,2026-02-12,16.7,31.0,23.5,980.9,0,2,41,348,8.8,Clear sky
Balaghat Mine,2026-02-13,15.2,30.8,23.3,979.6,3,69,44,349,10.7,Overcast
Balaghat Mine,2026-02-14,16.5,31.9,24.1,978.4,3,14,44,355,12.4,Overcast
Balaghat Mine,2026-02-15,16.9,31.6,24.2,978.5,1,7,39,353,15.8,Mainly clear
Balaghat Mine,2026-02-16,16.2,31.7,23.8,977.9,0,0,30,344,13.7,Clear sky
Balaghat Mine,2026-02-17,15.2,32.3,23.7,977.9,0,0,34,338,16.2,Clear sky
Balaghat Mine,2026-02-18,16.8,31.3,24.0,977.7,3,16,35,60,11.8,Overcast
Balaghat Mine,2026-02-19,15.4,31.6,23.5,978.9,0,0,41,328,13.7,Clear sky
Balaghat Mine,2026-02-20,16.6,32.6,24.5,979.9,0,1,38,346,12.3,Clear sky
Balaghat Mine,2026-02-21,17.0,32.7,24.7,977.2,2,11,42,341,18.7,Partly cloudy
Balaghat Mine,2026-02-22,16.9,33.3,25.2,974.6,2,17,45,316,11.7,Partly cloudy
Balaghat Mine,2026-02-23,18.1,30.6,24.1,974.6,3,27,47,98,16.2,Overcast
Balaghat Mine,2026-02-24,17.6,31.5,24.3,976.1,3,34,40,341,16.2,Overcast
Balaghat Mine,2026-02-25,16.9,31.6,24.3,977.1,3,21,38,333,14.2,Overcast
Balaghat Mine,2026-02-26,16.0,33.8,24.5,975.9,2,12,34,348,23.9,Partly cloudy
Balaghat Mine,2026-02-27,17.2,33.3,25.3,973.9,3,24,35,281,10.1,Overcast
Balaghat Mine,2026-02-28,19.7,33.4,26.8,973.1,3,44,38,221,12.5,Overcast
Balaghat Mine,2026-03-01,21.6,35.1,27.8,973.8,1,8,36,324,19.9,Mainly clear
Balaghat Mine,2026-03-02,19.8,34.2,27.0,976.5,0,0,33,347,15.4,Clear sky
Balaghat Mine,2026-03-03,17.3,34.5,26.6,977.4,0,0,32,351,16.3,Clear sky
Balaghat Mine,2026-03-04,18.9,36.1,27.6,977.7,0,0,28,346,20.0,Clear sky
Balaghat Mine,2026-03-05,19.9,36.4,27.7,975.9,0,0,27,349,17.5,Clear sky
Balaghat Mine,2026-03-06,22.2,36.8,28.7,974.9,0,0,27,351,19.1,Clear sky
Balaghat Mine,2026-03-07,19.5,36.3,28.3,975.6,0,0,31,344,18.3,Clear sky
Balaghat Mine,2026-03-08,20.2,37.5,28.8,976.3,0,0,34,346,16.6,Clear sky
Balaghat Mine,2026-03-09,20.4,38.3,29.4,976.8,0,0,28,357,17.7,Clear sky
Balaghat Mine,2026-03-10,21.9,38.2,29.5,978.0,0,0,28,345,19.8,Clear sky
Balaghat Mine,2026-03-11,20.8,37.5,29.3,977.4,0,0,25,342,18.0,Clear sky
Balaghat Mine,2026-03-12,20.5,37.8,28.6,975.0,0,0,24,341,9.0,Clear sky
Balaghat Mine,2026-03-13,21.0,37.8,29.2,973.8,0,0,20,29,15.1,Clear sky
Balaghat Mine,2026-03-14,22.0,38.1,29.6,974.4,0,0,21,210,15.4,Clear sky
Balaghat Mine,2026-03-15,23.3,37.4,29.8,975.0,2,11,28,192,14.3,Partly cloudy
Balaghat Mine,2026-03-16,22.7,36.4,29.2,973.9,3,38,32,201,11.8,Overcast
Balaghat Mine,2026-03-17,23.8,36.0,29.3,974.1,2,26,32,179,16.0,Partly cloudy
Balaghat Mine,2026-03-18,22.8,33.4,28.2,976.3,3,94,36,180,16.2,Overcast
Balaghat Mine,2026-03-19,20.5,34.2,27.0,976.8,3,45,41,185,17.6,Overcast
Balaghat Mine,2026-03-20,20.4,32.0,24.7,975.4,51,67,46,331,17.1,Light drizzle
Balaghat Mine,2026-03-21,19.3,31.9,25.3,976.5,3,18,37,348,16.1,Overcast
Balaghat Mine,2026-03-22,19.2,32.8,26.1,977.3,3,38,29,3,19.0,Overcast
Balaghat Mine,2026-03-23,19.4,34.6,27.4,976.4,3,23,34,25,8.9,Overcast
Balaghat Mine,2026-03-24,21.4,35.2,28.6,974.6,3,26,30,244,11.6,Overcast
Balaghat Mine,2026-03-25,21.0,35.9,29.0,974.7,3,22,34,1,13.6,Overcast
Balaghat Mine,2026-03-26,21.6,36.9,29.8,976.0,2,13,32,344,14.5,Partly cloudy
Balaghat Mine,2026-03-27,23.8,38.8,31.1,973.1,3,27,26,268,20.4,Overcast
Balaghat Mine,2026-03-28,22.9,38.6,30.5,971.2,3,19,27,307,16.7,Overcast
Balaghat Mine,2026-03-29,23.1,39.1,31.2,971.9,0,3,27,284,17.8,Clear sky
Balaghat Mine,2026-03-30,23.8,38.5,31.6,972.9,51,26,32,323,16.6,Light drizzle
Balaghat Mine,2026-03-31,22.0,34.7,28.7,975.7,55,52,45,189,17.1,Dense drizzle
Balaghat Mine,2026-04-01,24.1,36.6,29.8,975.0,3,26,37,181,10.7,Overcast
Balaghat Mine,2026-04-02,23.6,34.6,28.5,975.9,3,66,44,199,12.1,Overcast
Balaghat Mine,2026-04-03,24.4,36.1,29.4,975.3,3,53,45,343,19.0,Overcast
Balaghat Mine,2026-04-04,21.7,33.8,28.4,974.7,3,94,47,327,14.2,Overcast
Balaghat Mine,2026-04-05,23.0,34.1,28.3,973.9,3,29,43,292,15.8,Overcast
Balaghat Mine,2026-04-06,22.6,35.2,28.5,973.5,2,15,36,327,12.2,Partly cloudy
Balaghat Mine,2026-04-07,20.5,35.5,28.0,973.4,1,6,36,291,17.1,Mainly clear
Balaghat Mine,2026-04-08,20.8,34.7,28.2,973.1,2,19,38,318,24.3,Partly cloudy
Balaghat Mine,2026-04-09,22.1,34.6,28.4,975.2,3,18,41,339,15.0,Overcast
Balaghat Mine,2026-04-10,22.0,35.5,28.8,977.0,0,0,30,354,14.6,Clear sky
Balaghat Mine,2026-04-11,20.4,36.3,28.1,976.2,0,0,27,358,14.3,Clear sky
Balaghat Mine,2026-04-12,19.0,38.1,29.2,972.9,0,0,30,221,11.8,Clear sky
Balaghat Mine,2026-04-13,22.9,38.6,30.8,973.4,0,0,30,355,13.2,Clear sky
Balaghat Mine,2026-04-14,23.6,39.1,31.5,973.3,0,1,30,9,12.3,Clear sky
Balaghat Mine,2026-04-15,24.9,40.9,32.1,970.7,0,0,26,291,17.2,Clear sky
Balaghat Mine,2026-04-16,23.5,40.2,32.4,970.9,1,6,26,201,15.3,Mainly clear
Balaghat Mine,2026-04-17,23.6,40.7,32.5,972.3,3,56,27,160,11.8,Overcast
Balaghat Mine,2026-04-18,24.6,41.2,32.7,972.1,3,88,27,342,11.2,Overcast
Balaghat Mine,2026-04-19,26.6,40.6,33.5,971.7,3,28,22,21,15.1,Overcast
Balaghat Mine,2026-04-20,27.0,41.1,33.0,972.1,3,79,26,11,19.4,Overcast
Balaghat Mine,2026-04-21,26.2,40.6,33.1,971.8,3,41,26,277,13.9,Overcast
Balaghat Mine,2026-04-22,25.6,39.1,32.6,971.9,3,68,24,201,12.8,Overcast
Balaghat Mine,2026-04-23,23.7,40.6,31.9,971.9,3,82,24,360,17.1,Overcast
Balaghat Mine,2026-04-24,25.5,40.8,33.4,971.8,3,45,20,351,14.9,Overcast
Balaghat Mine,2026-04-25,25.8,42.5,33.9,972.2,3,34,22,6,18.2,Overcast
Balaghat Mine,2026-04-26,27.3,41.9,34.5,970.9,3,18,23,162,10.5,Overcast
Balaghat Mine,2026-04-27,27.6,40.4,33.9,969.5,2,17,28,125,13.6,Partly cloudy
Balaghat Mine,2026-04-28,25.1,42.6,34.0,969.3,1,5,29,271,21.3,Mainly clear
Balaghat Mine,2026-04-29,27.7,41.4,34.4,969.2,1,4,24,241,27.8,Mainly clear
Balaghat Mine,2026-04-30,25.6,40.3,32.9,970.0,3,35,25,17,21.0,Overcast
Balaghat Mine,2026-05-01,24.2,38.7,31.5,970.5,2,23,36,274,16.8,Partly cloudy
Balaghat Mine,2026-05-02,25.5,40.2,32.2,969.2,51,46,37,276,38.1,Light drizzle
Balaghat Mine,2026-05-03,23.0,39.1,31.6,969.7,2,18,40,143,15.5,Partly cloudy
Balaghat Mine,2026-05-04,26.7,40.0,32.7,970.2,1,10,31,144,15.0,Mainly clear
Balaghat Mine,2026-05-05,26.1,38.0,31.8,972.4,2,18,35,142,17.1,Partly cloudy
Balaghat Mine,2026-05-06,23.5,35.9,29.9,972.8,1,8,43,218,11.4,Mainly clear
Balaghat Mine,2026-05-07,22.1,36.9,30.5,973.1,3,26,38,153,15.0,Overcast
Balaghat Mine,2026-05-08,23.1,37.2,30.7,973.9,3,10,39,126,10.0,Overcast
Balaghat Mine,2026-05-09,23.7,37.5,29.6,973.6,53,26,44,182,28.1,Moderate drizzle
Balaghat Mine,2026-05-10,23.3,36.7,30.3,972.1,1,4,44,143,12.2,Mainly clear
Balaghat Mine,2026-05-11,25.7,38.3,32.2,971.6,1,5,39,168,13.1,Mainly clear
Balaghat Mine,2026-05-12,28.2,39.7,33.5,970.2,61,5,36,10,14.3,Slight rain
Balaghat Mine,2026-05-13,27.9,39.9,33.3,968.9,51,15,43,186,13.5,Light drizzle
Balaghat Mine,2026-05-14,27.5,39.3,33.5,968.0,51,9,43,161,13.8,Light drizzle
Balaghat Mine,2026-05-15,29.2,39.2,34.1,967.9,51,22,40,144,16.0,Light drizzle
Balaghat Mine,2026-05-16,29.3,39.6,34.3,968.6,2,17,40,151,12.4,Partly cloudy
Balaghat Mine,2026-05-17,27.6,39.6,33.5,969.6,3,21,43,163,16.0,Overcast
Balaghat Mine,2026-05-18,28.5,40.6,34.7,968.9,1,11,37,172,14.1,Mainly clear
Balaghat Mine,2026-05-19,29.7,41.1,35.1,968.8,51,17,36,166,13.7,Light drizzle
Balaghat Mine,2026-05-20,29.7,43.0,36.0,967.8,3,31,31,202,10.8,Overcast
Balaghat Mine,2026-05-21,31.2,42.9,36.4,968.3,1,4,24,354,25.1,Mainly clear
Balaghat Mine,2026-05-22,29.6,42.8,35.7,969.8,3,27,23,357,19.0,Overcast
Balaghat Mine,2026-05-23,28.3,43.0,35.8,970.1,3,18,23,344,19.4,Overcast
Balaghat Mine,2026-05-24,28.3,42.6,35.4,970.2,1,5,26,351,17.4,Mainly clear
Balaghat Mine,2026-05-25,27.8,43.6,36.0,969.7,3,17,25,352,16.2,Overcast
Balaghat Mine,2026-05-26,29.5,43.0,36.7,970.0,1,19,24,320,16.0,Mainly clear
Balaghat Mine,2026-05-27,29.2,43.6,36.6,969.7,1,11,25,329,13.8,Mainly clear
Balaghat Mine,2026-05-28,31.1,43.8,37.2,969.6,1,17,23,285,19.0,Mainly clear
Balaghat Mine,2026-05-29,28.2,41.3,35.4,969.6,51,15,31,312,15.2,Light drizzle
Balaghat Mine,2026-05-30,25.4,38.9,31.6,970.1,61,20,51,356,19.8,Slight rain
Balaghat Mine,2026-05-31,24.6,38.6,31.9,972.1,3,19,46,275,17.6,Overcast
Balaghat Mine,2026-06-01,26.6,37.9,32.5,972.7,3,18,40,56,8.6,Overcast
Balaghat Mine,2026-06-02,27.2,38.2,32.4,971.5,2,13,41,325,12.4,Partly cloudy
Balaghat Mine,2026-06-03,28.0,38.5,33.7,969.5,51,12,37,278,9.4,Light drizzle
Balaghat Mine,2026-06-04,24.6,39.1,33.4,968.0,61,26,46,310,11.2,Slight rain
Balaghat Mine,2026-06-05,27.8,37.0,32.7,968.2,1,11,44,342,15.7,Mainly clear
Balaghat Mine,2026-06-06,28.0,37.2,32.4,968.8,51,8,43,344,22.4,Light drizzle
Balaghat Mine,2026-06-07,27.9,38.6,33.9,969.5,3,48,40,339,15.5,Overcast
Balaghat Mine,2026-06-08,29.9,40.3,34.6,968.4,53,64,40,328,16.3,Moderate drizzle
Balaghat Mine,2026-06-09,25.7,40.3,34.1,967.9,53,56,47,266,13.2,Moderate drizzle
Balaghat Mine,2026-06-10,29.5,40.2,34.3,968.1,51,53,44,324,17.3,Light drizzle
Balaghat Mine,2026-06-11,27.2,39.7,33.6,968.5,51,15,47,191,14.0,Light drizzle
Balaghat Mine,2026-06-12,28.1,38.4,32.7,970.4,51,40,48,177,17.1,Light drizzle
Balaghat Mine,2026-06-13,26.8,35.2,30.8,971.1,51,43,56,289,15.9,Light drizzle
Balaghat Mine,2026-06-14,23.7,36.9,29.9,969.7,63,51,63,340,28.9,Moderate rain
Balaghat Mine,2026-06-15,26.9,37.1,31.8,969.9,3,49,47,346,15.6,Overcast
Balaghat Mine,2026-06-16,27.7,38.5,32.8,970.6,51,30,46,332,13.9,Light drizzle
Balaghat Mine,2026-06-17,26.7,37.7,31.9,970.9,53,22,50,341,20.4,Moderate drizzle
Balaghat Mine,2026-06-18,26.8,35.9,31.3,970.8,61,43,56,318,14.7,Slight rain
Balaghat Mine,2026-06-19,25.7,36.2,31.2,970.9,51,58,58,120,13.0,Light drizzle
Balaghat Mine,2026-06-20,26.2,38.3,32.3,971.0,51,57,50,298,13.1,Light drizzle
Balaghat Mine,2026-06-21,28.1,38.0,32.5,970.2,53,59,50,328,24.0,Moderate drizzle
Balaghat Mine,2026-06-22,26.7,36.0,31.5,970.6,53,62,57,202,14.2,Moderate drizzle
Balaghat Mine,2026-06-23,25.3,34.5,29.0,970.2,63,61,70,228,10.9,Moderate rain
Balaghat Mine,2026-06-24,24.6,34.2,28.7,969.3,61,63,72,233,13.0,Slight rain
Balaghat Mine,2026-06-25,25.8,35.2,30.2,969.4,53,72,64,245,14.3,Moderate drizzle
Balaghat Mine,2026-06-26,27.3,35.2,29.7,970.1,55,67,71,4,13.0,Dense drizzle
Balaghat Mine,2026-06-27,26.8,36.3,30.1,969.7,61,71,68,242,17.0,Slight rain
Balaghat Mine,2026-06-28,26.7,35.5,30.7,968.8,51,91,66,179,10.5,Light drizzle
Balaghat Mine,2026-06-29,25.5,33.6,29.3,968.1,61,85,76,218,16.2,Slight rain
Balaghat Mine,2026-06-30,25.1,30.0,26.5,968.3,65,98,90,239,13.3,Heavy rain
Balaghat Mine,2026-07-01,24.1,29.4,26.0,967.6,63,99,91,264,9.7,Moderate rain
Balaghat Mine,2026-07-02,24.1,27.6,25.6,967.4,63,100,94,289,9.0,Moderate rain
Balaghat Mine,2026-07-03,24.6,29.6,26.1,966.0,65,99,90,276,12.3,Heavy rain
Balaghat Mine,2026-07-04,24.4,30.9,26.9,964.2,63,93,89,310,13.6,Moderate rain
Balaghat Mine,2026-07-05,24.7,31.5,26.5,964.5,61,98,90,249,12.3,Slight rain
Balaghat Mine,2026-07-06,25.2,29.5,26.6,964.4,63,100,91,220,11.3,Moderate rain
Balaghat Mine,2026-07-07,24.7,30.3,26.8,964.4,63,91,84,197,24.0,Moderate rain
Balaghat Mine,2026-07-08,24.6,30.4,26.9,965.6,61,89,85,193,22.9,Slight rain
Balaghat Mine,2026-07-09,24.5,32.1,27.2,968.3,65,94,87,234,20.9,Heavy rain
Balaghat Mine,2026-07-10,24.2,33.1,28.4,969.8,63,95,75,254,16.1,Moderate rain
Balaghat Mine,2026-07-11,25.1,32.6,28.8,968.8,51,74,69,268,18.6,Light drizzle
Balaghat Mine,2026-07-12,25.5,33.0,29.0,967.4,51,73,69,258,17.7,Light drizzle
Balaghat Mine,2026-07-13,25.5,33.8,29.5,967.9,51,92,69,288,15.4,Light drizzle
Balaghat Mine,2026-07-14,25.9,34.0,29.9,968.8,51,81,67,316,19.5,Light drizzle
Balaghat Mine,2026-07-15,26.3,32.3,29.1,969.6,51,94,69,306,12.3,Light drizzle
Balaghat Mine,2026-07-16,25.9,32.4,28.1,969.7,63,98,79,306,16.7,Moderate rain
Balaghat Mine,2026-07-17,24.4,28.1,25.7,970.3,63,100,93,252,14.3,Moderate rain
Balaghat Mine,2026-07-18,24.0,30.7,26.5,969.7,63,98,90,244,13.6,Moderate rain
Balaghat Mine,2026-07-19,24.3,32.1,27.2,969.7,63,98,87,241,11.7,Moderate rain
Balaghat Mine,2026-07-20,24.4,29.8,26.5,969.6,63,100,91,245,13.4,Moderate rain
Balaghat Mine,2026-07-21,24.1,26.2,25.0,968.9,63,100,95,234,13.9,Moderate rain
Balaghat Mine,2026-07-22,23.8,26.5,24.8,967.6,61,100,92,224,16.9,Slight rain
Balaghat Mine,2026-07-23,23.5,27.4,24.5,967.7,63,97,91,209,21.4,Moderate rain
Balaghat Mine,2026-07-24,23.9,30.5,26.8,968.3,53,65,82,206,16.0,Moderate drizzle
Balaghat Mine,2026-07-25,24.2,31.7,28.0,968.7,51,92,80,220,11.6,Light drizzle
Balaghat Mine,2026-07-26,24.9,31.8,28.0,968.1,61,91,82,287,10.1,Slight rain
Balaghat Mine,2026-07-27,24.3,32.1,26.8,967.0,63,88,89,232,12.6,Moderate rain
Balaghat Mine,2026-07-28,24.2,30.7,26.7,965.7,63,95,90,281,12.0,Moderate rain
Balaghat Mine,2026-07-29,24.5,30.5,26.5,962.3,63,94,90,336,23.1,Moderate rain
Balaghat Mine,2026-07-30,24.9,30.9,27.2,959.7,61,77,81,40,18.2,Slight rain
Balaghat Mine,2026-07-31,24.6,29.2,26.1,962.9,53,80,87,149,30.4,Moderate drizzle
Balaghat Mine,2026-08-01,24.7,30.4,27.4,966.5,51,86,82,187,16.4,Light drizzle
Balaghat Mine,2026-08-02,25.5,32.0,28.3,968.5,51,82,76,218,13.0,Light drizzle
Balaghat Mine,2026-08-03,25.9,31.9,28.7,969.5,51,98,79,222,11.3,Light drizzle
Balaghat Mine,2026-08-04,24.8,30.9,27.4,970.1,63,96,87,326,10.0,Moderate rain
Balaghat Mine,2026-08-05,23.8,30.8,26.9,968.4,63,96,89,158,12.9,Moderate rain
Balaghat Mine,2026-08-06,23.7,30.6,26.9,967.7,63,99,86,245,17.3,Moderate rain
Balaghat Mine,2026-08-07,24.0,28.0,25.5,967.3,63,98,92,280,9.4,Moderate rain
Balaghat Mine,2026-08-08,24.2,30.3,26.1,967.6,63,98,91,310,14.2,Moderate rain
Balaghat Mine,2026-08-09,23.7,27.5,24.9,968.2,63,95,95,263,13.0,Moderate rain
Balaghat Mine,2026-08-10,24.0,30.8,26.4,968.1,63,79,87,238,14.4,Moderate rain
Balaghat Mine,2026-08-11,23.6,29.0,26.1,967.8,53,73,87,210,9.6,Moderate drizzle
Balaghat Mine,2026-08-12,24.1,29.6,26.5,968.8,61,79,89,215,14.6,Slight rain
Balaghat Mine,2026-08-13,24.4,29.8,26.9,970.0,53,94,87,238,11.2,Moderate drizzle
Balaghat Mine,2026-08-14,24.7,29.6,26.6,969.5,53,99,87,280,11.9,Moderate drizzle
Balaghat Mine,2026-08-15,24.0,29.1,25.9,968.7,63,99,92,270,12.5,Moderate rain
Balaghat Mine,2026-08-16,24.6,28.6,26.0,969.0,61,96,91,286,12.3,Slight rain
Balaghat Mine,2026-08-17,24.0,28.3,25.9,971.0,63,100,90,267,10.2,Moderate rain
Balaghat Mine,2026-08-18,24.2,27.2,25.4,971.4,63,100,93,255,7.4,Moderate rain
Balaghat Mine,2026-08-19,24.2,26.7,25.2,970.6,63,100,95,280,11.8,Moderate rain
Balaghat Mine,2026-08-20,24.3,29.9,26.3,970.0,63,89,88,294,15.2,Moderate rain
Balaghat Mine,2026-08-21,24.2,28.5,26.0,969.6,63,97,90,278,11.7,Moderate rain
Balaghat Mine,2026-08-22,24.0,27.7,25.6,969.2,63,100,93,309,19.0,Moderate rain
Balaghat Mine,2026-08-23,23.9,29.5,26.3,969.7,61,97,91,334,16.2,Slight rain
Balaghat Mine,2026-08-24,24.3,28.1,25.8,969.6,63,99,94,327,12.9,Moderate rain
Balaghat Mine,2026-08-25,23.9,29.6,26.1,969.5,63,98,91,281,12.3,Moderate rain
Balaghat Mine,2026-08-26,24.2,30.6,26.4,969.5,63,95,90,234,9.9,Moderate rain
Balaghat Mine,2026-08-27,24.3,29.6,25.8,969.9,63,98,92,264,15.7,Moderate rain
Balaghat Mine,2026-08-28,23.5,30.3,26.0,970.1,61,93,87,276,15.7,Slight rain
Balaghat Mine,2026-08-29,24.4,27.3,25.2,969.9,65,99,95,256,11.9,Heavy rain
Balaghat Mine,2026-08-30,24.1,28.3,26.0,970.1,53,100,85,322,17.4,Moderate drizzle
Balaghat Mine,2026-08-31,23.7,28.0,25.6,970.7,61,98,86,323,20.3,Slight rain
Balaghat Mine,2026-09-01,23.4,29.2,26.1,971.1,53,98,82,312,15.4,Moderate drizzle
Balaghat Mine,2026-09-02,23.3,25.8,24.6,971.5,61,100,93,256,10.7,Slight rain
Balaghat Mine,2026-09-03,22.6,26.5,24.4,970.8,63,100,91,246,15.6,Moderate rain
Balaghat Mine,2026-09-04,23.4,29.0,25.6,972.0,53,73,85,232,18.5,Moderate drizzle
Balaghat Mine,2026-09-05,23.0,28.4,24.9,973.8,63,71,88,208,12.0,Moderate rain
Balaghat Mine,2026-09-06,23.5,30.4,26.6,974.3,51,37,84,229,14.1,Light drizzle
Balaghat Mine,2026-09-07,23.5,30.2,26.6,974.1,51,26,84,264,12.2,Light drizzle
Balaghat Mine,2026-09-08,24.1,32.1,27.5,973.5,51,29,82,306,10.4,Light drizzle
Balaghat Mine,2026-09-09,24.0,31.8,27.8,973.2,3,72,77,336,13.9,Overcast
Balaghat Mine,2026-09-10,25.1,31.9,28.2,972.5,3,90,73,339,17.5,Overcast
Balaghat Mine,2026-09-11,24.9,29.3,26.6,971.0,65,97,85,346,14.2,Heavy rain
Balaghat Mine,2026-09-12,24.2,30.0,26.3,970.1,63,86,86,82,13.2,Moderate rain
Balaghat Mine,2026-09-13,23.7,26.2,24.7,973.5,65,88,91,165,19.8,Heavy rain
Balaghat Mine,2026-09-14,22.9,28.7,25.5,976.4,61,44,86,167,15.2,Slight rain
Balaghat Mine,2026-09-15,23.3,29.7,26.2,976.6,53,29,87,194,7.7,Moderate drizzle
Balaghat Mine,2026-09-16,24.2,31.2,27.3,975.7,51,15,82,284,6.2,Light drizzle
Balaghat Mine,2026-09-17,24.6,30.8,27.1,974.5,61,28,85,339,12.8,Slight rain
Balaghat Mine,2026-09-18,24.2,31.0,26.7,974.7,55,40,86,322,15.7,Dense drizzle
Balaghat Mine,2026-09-19,23.5,30.4,26.8,975.6,61,43,87,22,6.5,Slight rain
Balaghat Mine,2026-09-20,24.1,30.4,26.5,976.1,61,84,89,356,13.4,Slight rain
Balaghat Mine,2026-09-21,24.0,29.5,26.3,974.4,63,69,90,348,8.3,Moderate rain
Balaghat Mine,2026-09-22,24.4,30.8,26.5,972.2,63,72,89,352,9.4,Moderate rain
Balaghat Mine,2026-09-23,24.7,31.8,27.2,969.4,63,83,83,5,17.2,Moderate rain
Balaghat Mine,2026-09-24,24.2,29.1,26.0,966.6,63,99,87,353,20.8,Moderate rain
Balaghat Mine,2026-09-25,23.4,26.2,24.4,963.1,63,100,94,333,25.2,Moderate rain
Balaghat Mine,2026-09-26,21.9,28.5,24.3,968.6,63,98,86,273,19.6,Moderate rain
Balaghat Mine,2026-09-27,21.2,30.1,25.3,973.8,53,15,83,203,8.5,Moderate drizzle
Balaghat Mine,2026-09-28,22.5,31.0,26.4,975.1,0,5,77,332,8.5,Clear sky
Balaghat Mine,2026-09-29,21.8,30.8,26.2,976.8,0,4,73,349,10.3,Clear sky
Ukwa Mine,2025-09-29,21.7,28.0,24.2,932.8,53,69,88,187,9.6,Moderate drizzle
Ukwa Mine,2025-09-30,21.6,29.6,24.4,932.1,63,83,87,249,7.7,Moderate rain
Ukwa Mine,2025-10-01,20.7,29.3,24.0,931.8,63,87,91,334,15.5,Moderate rain
Ukwa Mine,2025-10-02,21.6,28.9,23.9,933.2,61,85,91,3,14.2,Slight rain
Ukwa Mine,2025-10-03,22.0,24.4,23.1,934.4,55,100,96,347,15.5,Dense drizzle
Ukwa Mine,2025-10-04,22.3,29.0,24.3,935.3,53,99,89,303,15.8,Moderate drizzle
Ukwa Mine,2025-10-05,21.8,28.4,23.9,936.4,63,93,91,296,10.9,Moderate rain
Ukwa Mine,2025-10-06,21.4,27.5,23.7,937.2,61,79,87,308,7.6,Slight rain
Ukwa Mine,2025-10-07,20.3,28.3,23.8,937.6,53,54,85,312,10.2,Moderate drizzle
Ukwa Mine,2025-10-08,21.2,28.4,24.3,937.9,51,35,77,324,8.6,Light drizzle
Ukwa Mine,2025-10-09,19.7,27.9,23.4,938.7,53,36,83,7,11.3,Moderate drizzle
Ukwa Mine,2025-10-10,19.9,26.8,22.2,937.9,61,34,87,31,11.3,Slight rain
Ukwa Mine,2025-10-11,19.4,26.8,22.0,937.7,51,28,87,27,11.2,Light drizzle
Ukwa Mine,2025-10-12,18.5,26.1,21.8,937.7,51,18,86,40,7.6,Light drizzle
Ukwa Mine,2025-10-13,19.2,27.5,23.0,938.3,51,16,82,51,7.3,Light drizzle
Ukwa Mine,2025-10-14,20.0,27.8,23.4,937.5,51,12,80,108,12.7,Light drizzle
Ukwa Mine,2025-10-15,19.6,28.2,23.7,937.5,51,12,79,101,11.4,Light drizzle
Ukwa Mine,2025-10-16,20.6,27.5,23.6,938.0,51,10,78,71,7.8,Light drizzle
Ukwa Mine,2025-10-17,20.3,28.3,23.9,939.1,51,7,73,38,9.1,Light drizzle
Ukwa Mine,2025-10-18,19.5,28.0,23.2,938.3,0,3,70,20,10.4,Clear sky
Ukwa Mine,2025-10-19,18.4,28.1,22.8,937.4,0,1,65,38,10.9,Clear sky
Ukwa Mine,2025-10-20,19.0,27.7,22.8,937.6,51,12,78,81,15.1,Light drizzle
Ukwa Mine,2025-10-21,20.5,28.1,23.6,938.6,55,22,82,89,16.4,Dense drizzle
Ukwa Mine,2025-10-22,20.3,28.9,24.0,938.9,1,6,74,91,13.4,Mainly clear
Ukwa Mine,2025-10-23,19.2,29.2,23.9,938.3,1,6,71,93,11.4,Mainly clear
Ukwa Mine,2025-10-24,19.3,29.2,24.0,938.1,51,8,71,100,10.7,Light drizzle
Ukwa Mine,2025-10-25,21.1,24.4,22.7,937.9,61,96,85,98,11.9,Slight rain
Ukwa Mine,2025-10-26,20.5,25.9,21.9,938.0,61,89,94,91,10.9,Slight rain
Ukwa Mine,2025-10-27,20.3,28.0,23.4,937.6,3,67,82,107,18.4,Overcast
Ukwa Mine,2025-10-28,21.5,25.7,23.1,936.6,53,97,85,73,18.6,Moderate drizzle
Ukwa Mine,2025-10-29,21.7,26.2,23.5,934.1,51,100,87,71,24.8,Light drizzle
Ukwa Mine,2025-10-30,21.1,22.1,21.5,933.2,63,100,99,123,23.6,Moderate rain
Ukwa Mine,2025-10-31,21.1,26.6,22.6,936.4,65,90,93,270,13.7,Heavy rain
Ukwa Mine,2025-11-01,20.3,27.2,23.2,937.9,51,41,87,324,12.5,Light drizzle
Ukwa Mine,2025-11-02,20.1,27.7,23.4,938.3,51,14,82,337,12.1,Light drizzle
Ukwa Mine,2025-11-03,20.3,27.8,23.5,937.7,51,11,77,323,13.2,Light drizzle
Ukwa Mine,2025-11-04,19.5,28.6,23.3,937.3,3,29,69,337,10.3,Overcast
Ukwa Mine,2025-11-05,19.3,27.4,22.6,936.7,51,42,74,303,12.2,Light drizzle
Ukwa Mine,2025-11-06,18.3,27.1,22.0,938.0,3,17,74,351,14.2,Overcast
Ukwa Mine,2025-11-07,16.3,26.7,20.6,939.5,0,1,62,355,9.5,Clear sky
Ukwa Mine,2025-11-08,14.1,25.1,18.8,940.2,0,0,62,356,10.2,Clear sky
Ukwa Mine,2025-11-09,12.8,23.9,17.4,939.1,0,0,58,357,10.9,Clear sky
Ukwa Mine,2025-11-10,13.9,24.7,18.1,939.1,0,0,51,358,8.3,Clear sky
Ukwa Mine,2025-11-11,13.3,24.5,17.7,939.7,0,0,51,357,8.1,Clear sky
Ukwa Mine,2025-11-12,14.0,24.9,18.5,940.7,0,0,52,357,9.8,Clear sky
Ukwa Mine,2025-11-13,12.7,25.4,18.1,941.5,0,0,55,7,10.1,Clear sky
Ukwa Mine,2025-11-14,14.0,25.1,18.4,941.3,0,0,51,9,9.2,Clear sky
Ukwa Mine,2025-11-15,13.5,24.7,18.0,941.9,0,0,52,6,9.9,Clear sky
Ukwa Mine,2025-11-16,11.6,24.3,17.1,942.8,0,0,55,3,12.7,Clear sky
Ukwa Mine,2025-11-17,10.5,24.4,16.8,942.3,0,0,59,27,11.0,Clear sky
Ukwa Mine,2025-11-18,11.8,25.1,17.5,940.5,0,0,60,14,8.5,Clear sky
Ukwa Mine,2025-11-19,13.2,25.4,18.3,940.5,0,0,61,67,8.8,Clear sky
Ukwa Mine,2025-11-20,14.3,25.9,19.2,941.4,0,0,62,66,11.4,Clear sky
Ukwa Mine,2025-11-21,15.4,26.8,20.1,942.6,0,0,60,183,6.9,Clear sky
Ukwa Mine,2025-11-22,16.3,27.0,20.7,941.6,3,7,55,234,6.2,Overcast
Ukwa Mine,2025-11-23,15.9,26.9,20.7,941.5,3,44,54,345,7.7,Overcast
Ukwa Mine,2025-11-24,16.6,27.7,21.2,942.1,3,21,62,39,12.1,Overcast
Ukwa Mine,2025-11-25,16.0,26.3,20.5,941.8,2,9,67,47,11.7,Partly cloudy
Ukwa Mine,2025-11-26,15.5,25.8,20.2,942.1,2,12,69,44,10.6,Partly cloudy
Ukwa Mine,2025-11-27,14.3,24.9,19.0,942.3,0,0,62,24,15.5,Clear sky
Ukwa Mine,2025-11-28,11.1,24.0,16.9,940.7,1,6,57,30,10.8,Mainly clear
Ukwa Mine,2025-11-29,12.7,24.3,17.5,939.8,3,68,59,29,10.0,Overcast
Ukwa Mine,2025-11-30,11.9,24.6,17.8,939.3,3,77,59,35,8.3,Overcast
Ukwa Mine,2025-12-01,13.3,25.2,18.7,939.4,3,53,60,68,7.4,Overcast
Ukwa Mine,2025-12-02,12.5,24.5,18.3,939.6,2,8,62,15,7.6,Partly cloudy
Ukwa Mine,2025-12-03,12.8,24.6,17.9,941.2,0,1,65,35,9.8,Clear sky
Ukwa Mine,2025-12-04,12.2,24.2,17.2,942.3,0,0,58,18,10.0,Clear sky
Ukwa Mine,2025-12-05,10.8,23.5,16.4,943.3,3,34,62,3,12.4,Overcast
Ukwa Mine,2025-12-06,9.4,23.9,15.7,942.9,3,86,52,3,10.4,Overcast
Ukwa Mine,2025-12-07,10.7,24.8,16.8,942.7,3,92,49,10,10.8,Overcast
Ukwa Mine,2025-12-08,11.2,25.2,17.2,942.4,3,14,43,7,11.8,Overcast
Ukwa Mine,2025-12-09,11.6,25.3,17.2,942.0,2,3,45,5,14.0,Partly cloudy
Ukwa Mine,2025-12-10,10.1,24.3,16.2,942.3,0,0,47,359,10.8,Clear sky
Ukwa Mine,2025-12-11,10.2,24.5,16.4,941.2,0,0,52,357,10.7,Clear sky
Ukwa Mine,2025-12-12,12.4,24.4,17.2,940.3,0,0,48,2,9.6,Clear sky
Ukwa Mine,2025-12-13,12.8,24.6,17.5,940.5,0,0,51,10,11.8,Clear sky
Ukwa Mine,2025-12-14,12.5,23.9,17.0,941.1,0,0,57,12,11.5,Clear sky
Ukwa Mine,2025-12-15,11.6,24.1,16.9,941.4,0,0,64,357,8.3,Clear sky
Ukwa Mine,2025-12-16,10.6,25.1,16.9,941.2,0,0,63,337,8.0,Clear sky
Ukwa Mine,2025-12-17,10.2,25.8,16.7,942.0,0,0,56,358,10.4,Clear sky
Ukwa Mine,2025-12-18,11.3,23.6,16.2,941.7,0,0,59,356,12.4,Clear sky
Ukwa Mine,2025-12-19,10.3,22.0,15.1,939.7,0,0,69,357,12.9,Clear sky
Ukwa Mine,2025-12-20,8.9,23.5,15.2,938.7,1,2,65,357,12.8,Mainly clear
Ukwa Mine,2025-12-21,10.7,23.7,16.2,939.9,3,70,54,358,11.3,Overcast
Ukwa Mine,2025-12-22,10.5,23.5,15.9,939.8,3,42,62,356,11.4,Overcast
Ukwa Mine,2025-12-23,10.2,24.2,16.1,939.4,3,10,61,6,13.2,Overcast
Ukwa Mine,2025-12-24,10.6,23.8,16.3,939.6,3,41,61,6,12.4,Overcast
Ukwa Mine,2025-12-25,11.2,23.1,16.1,940.1,3,12,61,4,8.1,Overcast
Ukwa Mine,2025-12-26,10.5,23.1,15.9,940.0,0,0,62,358,9.4,Clear sky
Ukwa Mine,2025-12-27,9.8,23.1,15.2,940.0,0,0,57,350,9.2,Clear sky
Ukwa Mine,2025-12-28,9.4,23.6,15.3,940.5,0,0,54,353,9.0,Clear sky
Ukwa Mine,2025-12-29,9.8,24.4,16.0,940.2,0,0,53,359,8.4,Clear sky
Ukwa Mine,2025-12-30,10.3,24.8,17.0,938.8,3,11,47,283,6.6,Overcast
Ukwa Mine,2025-12-31,13.7,24.0,17.8,937.3,0,1,43,244,8.4,Clear sky
Ukwa Mine,2026-01-01,13.2,23.7,18.3,938.2,3,9,47,239,10.0,Overcast
Ukwa Mine,2026-01-02,14.4,23.9,18.8,940.3,2,18,54,314,13.0,Partly cloudy
Ukwa Mine,2026-01-03,13.7,24.2,18.0,941.1,2,21,65,331,13.1,Partly cloudy
Ukwa Mine,2026-01-04,12.0,23.5,16.8,942.0,1,6,73,347,12.9,Mainly clear
Ukwa Mine,2026-01-05,10.1,21.4,14.5,942.8,0,0,59,359,12.1,Clear sky
Ukwa Mine,2026-01-06,9.3,23.0,15.2,942.7,0,0,49,358,8.8,Clear sky
Ukwa Mine,2026-01-07,11.9,23.4,16.9,943.6,0,2,48,17,12.0,Clear sky
Ukwa Mine,2026-01-08,11.9,23.1,16.5,943.7,2,8,54,42,11.9,Partly cloudy
Ukwa Mine,2026-01-09,11.5,23.3,16.2,943.1,3,65,55,48,13.3,Overcast
Ukwa Mine,2026-01-10,11.4,23.7,16.4,942.4,3,17,50,41,10.3,Overcast
Ukwa Mine,2026-01-11,11.0,23.5,16.5,943.7,0,0,52,44,9.4,Clear sky
Ukwa Mine,2026-01-12,11.1,23.7,16.9,944.2,0,0,50,57,10.5,Clear sky
Ukwa Mine,2026-01-13,11.1,24.2,17.2,943.2,0,0,53,2,11.3,Clear sky
Ukwa Mine,2026-01-14,13.7,24.7,18.2,940.9,1,3,55,325,14.7,Mainly clear
Ukwa Mine,2026-01-15,11.9,24.1,16.9,940.5,0,0,55,356,11.2,Clear sky
Ukwa Mine,2026-01-16,11.1,25.1,16.8,940.2,1,2,46,2,8.6,Mainly clear
Ukwa Mine,2026-01-17,13.8,26.5,19.1,939.0,3,8,40,342,6.8,Overcast
Ukwa Mine,2026-01-18,15.8,26.8,20.1,937.6,1,5,36,231,9.2,Mainly clear
Ukwa Mine,2026-01-19,12.7,26.9,19.4,938.6,2,3,46,187,11.0,Partly cloudy
Ukwa Mine,2026-01-20,13.5,26.3,19.5,939.6,3,22,52,323,9.3,Overcast
Ukwa Mine,2026-01-21,13.2,25.0,18.9,941.2,3,41,55,28,8.8,Overcast
Ukwa Mine,2026-01-22,14.7,25.3,19.0,941.4,2,14,46,85,11.6,Partly cloudy
Ukwa Mine,2026-01-23,13.9,25.3,18.8,941.8,2,15,46,167,12.3,Partly cloudy
Ukwa Mine,2026-01-24,14.0,25.5,19.3,943.0,3,34,50,136,11.5,Overcast
Ukwa Mine,2026-01-25,13.2,26.4,19.2,941.9,3,22,51,160,9.4,Overcast
Ukwa Mine,2026-01-26,14.1,26.5,19.5,943.0,1,5,50,144,8.9,Mainly clear
Ukwa Mine,2026-01-27,13.8,26.8,19.9,943.0,0,1,50,163,9.3,Clear sky
Ukwa Mine,2026-01-28,16.5,25.1,20.0,942.2,51,14,60,274,12.1,Light drizzle
Ukwa Mine,2026-01-29,14.2,25.5,18.5,942.3,3,43,74,352,11.9,Overcast
Ukwa Mine,2026-01-30,12.6,26.1,18.5,942.4,3,86,61,343,10.5,Overcast
Ukwa Mine,2026-01-31,13.3,26.9,19.2,942.5,3,99,46,358,14.2,Overcast
Ukwa Mine,2026-02-01,14.4,27.3,20.1,942.8,3,85,53,34,10.4,Overcast
Ukwa Mine,2026-02-02,14.5,26.7,20.1,942.7,3,34,50,88,9.7,Overcast
Ukwa Mine,2026-02-03,15.5,26.8,20.9,943.2,2,22,50,126,12.9,Partly cloudy
Ukwa Mine,2026-02-04,14.6,26.2,19.7,943.7,2,17,58,71,9.4,Partly cloudy
Ukwa Mine,2026-02-05,13.9,27.0,19.8,943.6,2,12,58,352,11.7,Partly cloudy
Ukwa Mine,2026-02-06,14.1,26.6,19.2,943.4,0,0,52,350,15.7,Clear sky
Ukwa Mine,2026-02-07,12.7,25.6,18.0,942.0,0,0,51,354,14.5,Clear sky
Ukwa Mine,2026-02-08,14.4,25.9,18.9,940.8,0,0,44,25,10.3,Clear sky
Ukwa Mine,2026-02-09,14.4,26.7,19.4,940.1,0,0,44,350,11.4,Clear sky
Ukwa Mine,2026-02-10,15.2,27.9,20.4,941.0,0,0,42,18,11.0,Clear sky
Ukwa Mine,2026-02-11,14.9,28.6,20.9,942.7,0,2,43,52,13.1,Clear sky
Ukwa Mine,2026-02-12,14.6,29.1,21.3,942.1,2,8,45,36,13.3,Partly cloudy
Ukwa Mine,2026-02-13,15.4,29.1,21.5,940.9,3,65,48,3,13.0,Overcast
Ukwa Mine,2026-02-14,16.8,28.7,22.0,939.9,2,12,47,357,16.2,Partly cloudy
Ukwa Mine,2026-02-15,16.4,28.5,21.5,940.0,2,9,43,359,13.5,Partly cloudy
Ukwa Mine,2026-02-16,14.3,28.3,20.9,939.4,0,0,35,57,10.4,Clear sky
Ukwa Mine,2026-02-17,15.6,28.8,21.4,939.4,0,0,38,47,12.2,Clear sky
Ukwa Mine,2026-02-18,16.6,29.3,22.2,939.1,3,16,40,156,8.5,Overcast
Ukwa Mine,2026-02-19,16.3,30.0,22.0,940.3,1,3,43,118,10.1,Mainly clear
Ukwa Mine,2026-02-20,15.9,30.5,22.4,941.5,1,4,42,62,14.7,Mainly clear
Ukwa Mine,2026-02-21,16.3,29.7,22.0,938.8,3,17,47,335,15.2,Overcast
Ukwa Mine,2026-02-22,18.3,29.8,23.6,936.5,2,15,46,299,13.8,Partly cloudy
Ukwa Mine,2026-02-23,17.9,27.7,22.5,936.3,51,29,47,231,12.9,Light drizzle
Ukwa Mine,2026-02-24,17.5,27.9,22.3,937.8,2,24,44,305,14.7,Partly cloudy
Ukwa Mine,2026-02-25,16.2,28.8,21.9,938.7,3,16,41,354,15.4,Overcast
Ukwa Mine,2026-02-26,16.7,29.5,22.5,937.6,2,11,36,351,18.6,Partly cloudy
Ukwa Mine,2026-02-27,17.6,30.0,23.5,935.7,3,23,37,267,16.5,Overcast
Ukwa Mine,2026-02-28,18.9,29.9,24.5,935.2,3,29,42,229,15.9,Overcast
Ukwa Mine,2026-03-01,19.7,31.5,25.1,936.0,2,8,40,295,16.6,Partly cloudy
Ukwa Mine,2026-03-02,17.1,31.0,23.6,938.4,0,0,40,0,13.2,Clear sky
Ukwa Mine,2026-03-03,18.5,31.7,24.4,939.4,0,0,35,355,14.1,Clear sky
Ukwa Mine,2026-03-04,17.7,32.6,24.3,939.6,0,0,34,354,13.4,Clear sky
Ukwa Mine,2026-03-05,19.1,32.9,25.0,938.0,0,0,32,335,17.3,Clear sky
Ukwa Mine,2026-03-06,18.3,33.1,25.1,937.0,0,0,35,341,15.1,Clear sky
Ukwa Mine,2026-03-07,18.8,32.8,25.2,937.9,0,0,38,358,14.5,Clear sky
Ukwa Mine,2026-03-08,17.5,33.8,25.2,938.5,0,0,41,1,15.9,Clear sky
Ukwa Mine,2026-03-09,18.8,34.6,26.2,939.3,0,0,34,13,13.2,Clear sky
Ukwa Mine,2026-03-10,21.5,34.5,27.1,940.4,0,0,32,1,15.5,Clear sky
Ukwa Mine,2026-03-11,20.4,33.9,26.3,939.8,0,0,30,5,14.8,Clear sky
Ukwa Mine,2026-03-12,21.7,35.3,27.5,937.5,0,0,25,341,14.5,Clear sky
Ukwa Mine,2026-03-13,22.6,35.2,28.4,936.6,0,0,21,332,12.1,Clear sky
Ukwa Mine,2026-03-14,23.6,34.5,28.4,937.2,0,1,22,221,15.1,Clear sky
Ukwa Mine,2026-03-15,23.1,33.9,27.8,937.5,2,14,31,228,18.6,Partly cloudy
Ukwa Mine,2026-03-16,22.1,32.7,26.8,936.3,3,37,34,230,17.1,Overcast
Ukwa Mine,2026-03-17,21.5,32.3,26.6,936.5,3,30,35,215,16.1,Overcast
Ukwa Mine,2026-03-18,21.2,30.1,25.6,938.3,3,91,40,213,19.0,Overcast
Ukwa Mine,2026-03-19,19.2,31.6,25.0,938.7,3,53,41,231,17.0,Overcast
Ukwa Mine,2026-03-20,18.6,27.8,22.6,937.1,55,62,47,273,14.3,Dense drizzle
Ukwa Mine,2026-03-21,16.4,29.0,22.1,938.1,3,14,43,353,15.2,Overcast
Ukwa Mine,2026-03-22,15.8,30.4,22.8,939.0,3,30,36,1,17.7,Overcast
Ukwa Mine,2026-03-23,17.9,31.7,25.0,938.4,3,37,35,241,13.5,Overcast
Ukwa Mine,2026-03-24,21.0,32.1,26.3,936.9,3,23,32,242,15.8,Overcast
Ukwa Mine,2026-03-25,19.5,33.5,26.6,937.2,3,23,37,341,11.3,Overcast
Ukwa Mine,2026-03-26,21.4,34.3,28.0,938.6,1,11,33,8,10.4,Mainly clear
Ukwa Mine,2026-03-27,22.9,35.2,29.1,935.9,3,32,27,253,19.8,Overcast
Ukwa Mine,2026-03-28,21.2,35.3,28.2,933.9,3,19,29,299,18.9,Overcast
Ukwa Mine,2026-03-29,23.5,35.4,29.3,934.9,1,8,30,255,14.0,Mainly clear
Ukwa Mine,2026-03-30,23.9,35.7,29.3,935.9,51,24,36,290,13.2,Light drizzle
Ukwa Mine,2026-03-31,19.2,33.0,26.3,937.8,55,59,48,210,14.5,Dense drizzle
Ukwa Mine,2026-04-01,22.9,33.5,27.8,937.6,3,31,38,230,11.2,Overcast
Ukwa Mine,2026-04-02,23.9,32.0,26.9,938.3,3,70,42,237,14.8,Overcast
Ukwa Mine,2026-04-03,22.3,34.7,27.5,938.0,3,56,46,309,17.3,Overcast
Ukwa Mine,2026-04-04,23.2,31.4,27.0,937.2,53,95,44,286,13.8,Moderate drizzle
Ukwa Mine,2026-04-05,21.3,31.1,26.0,936.2,53,25,45,268,15.4,Moderate drizzle
Ukwa Mine,2026-04-06,20.5,32.4,26.3,935.9,3,22,36,302,16.3,Overcast
Ukwa Mine,2026-04-07,19.9,32.0,25.8,935.8,1,10,38,257,13.8,Mainly clear
Ukwa Mine,2026-04-08,21.9,30.2,25.7,935.6,53,22,43,291,17.7,Moderate drizzle
Ukwa Mine,2026-04-09,19.4,31.9,25.3,937.5,1,9,46,339,16.2,Mainly clear
Ukwa Mine,2026-04-10,18.8,33.0,25.3,939.2,0,0,37,3,15.2,Clear sky
Ukwa Mine,2026-04-11,19.0,33.7,25.9,938.6,0,0,28,2,14.2,Clear sky
Ukwa Mine,2026-04-12,20.6,35.2,28.4,935.8,0,0,25,216,13.7,Clear sky
Ukwa Mine,2026-04-13,21.7,36.7,29.0,936.4,0,0,30,319,17.6,Clear sky
Ukwa Mine,2026-04-14,23.1,37.2,29.9,936.3,0,1,30,323,12.9,Clear sky
Ukwa Mine,2026-04-15,23.0,37.0,30.0,933.9,1,2,27,230,18.0,Mainly clear
Ukwa Mine,2026-04-16,24.1,38.4,31.2,934.2,3,10,26,303,13.5,Overcast
Ukwa Mine,2026-04-17,24.2,38.9,31.1,935.7,3,58,25,81,14.4,Overcast
Ukwa Mine,2026-04-18,25.1,39.5,31.6,935.5,3,87,27,103,11.1,Overcast
Ukwa Mine,2026-04-19,24.2,38.8,31.5,934.9,3,40,23,268,14.0,Overcast
Ukwa Mine,2026-04-20,25.2,37.9,30.5,935.3,53,79,28,285,17.0,Moderate drizzle
Ukwa Mine,2026-04-21,25.2,37.6,30.8,934.9,3,38,27,273,15.1,Overcast
Ukwa Mine,2026-04-22,24.8,38.3,30.7,935.0,3,72,24,311,19.4,Overcast
Ukwa Mine,2026-04-23,24.8,37.7,31.3,935.3,3,83,19,345,17.2,Overcast
Ukwa Mine,2026-04-24,25.4,38.3,31.3,935.1,3,46,22,328,12.2,Overcast
Ukwa Mine,2026-04-25,25.1,39.2,32.2,935.5,3,32,23,320,11.3,Overcast
Ukwa Mine,2026-04-26,25.8,38.7,31.8,934.2,3,17,26,232,14.5,Overcast
Ukwa Mine,2026-04-27,26.7,38.0,31.3,933.0,3,17,31,249,16.9,Overcast
Ukwa Mine,2026-04-28,26.5,39.1,31.3,932.6,1,6,30,250,18.3,Mainly clear
Ukwa Mine,2026-04-29,25.3,37.7,31.1,932.4,0,2,29,243,24.2,Clear sky
Ukwa Mine,2026-04-30,26.0,36.6,30.2,933.4,51,30,29,298,21.4,Light drizzle
Ukwa Mine,2026-05-01,22.2,35.0,28.4,933.3,51,32,42,281,18.1,Light drizzle
Ukwa Mine,2026-05-02,21.7,36.0,29.0,932.2,51,37,44,265,25.7,Light drizzle
Ukwa Mine,2026-05-03,23.2,35.7,29.1,932.7,1,11,41,222,13.1,Mainly clear
Ukwa Mine,2026-05-04,23.3,35.6,29.8,933.5,2,11,36,197,18.6,Partly cloudy
Ukwa Mine,2026-05-05,22.3,34.2,28.1,935.4,1,8,45,170,18.9,Mainly clear
Ukwa Mine,2026-05-06,21.4,32.3,26.6,935.2,1,10,48,225,13.9,Mainly clear
Ukwa Mine,2026-05-07,22.3,33.9,28.2,936.0,3,26,38,218,13.2,Overcast
Ukwa Mine,2026-05-08,22.4,33.4,28.0,936.5,2,9,41,226,10.9,Partly cloudy
Ukwa Mine,2026-05-09,19.4,33.4,27.3,936.1,51,25,48,220,20.6,Light drizzle
Ukwa Mine,2026-05-10,22.3,33.3,27.6,934.8,51,5,47,203,13.1,Light drizzle
Ukwa Mine,2026-05-11,23.2,34.8,28.9,934.5,1,5,46,211,15.9,Mainly clear
Ukwa Mine,2026-05-12,24.4,36.3,30.4,933.5,1,4,41,293,17.1,Mainly clear
Ukwa Mine,2026-05-13,26.1,36.5,30.7,932.2,53,21,46,222,19.8,Moderate drizzle
Ukwa Mine,2026-05-14,25.3,37.2,31.0,931.4,51,15,44,210,16.8,Light drizzle
Ukwa Mine,2026-05-15,24.9,35.2,30.6,931.4,51,20,48,196,19.7,Light drizzle
Ukwa Mine,2026-05-16,25.7,37.6,31.1,932.0,51,17,46,157,12.6,Light drizzle
Ukwa Mine,2026-05-17,25.1,36.4,30.6,932.9,3,18,48,219,16.4,Overcast
Ukwa Mine,2026-05-18,26.2,36.7,31.5,932.4,51,11,42,219,17.3,Light drizzle
Ukwa Mine,2026-05-19,27.2,37.2,31.9,932.3,2,14,41,224,18.4,Partly cloudy
Ukwa Mine,2026-05-20,27.6,39.3,33.1,931.5,3,45,36,247,14.0,Overcast
Ukwa Mine,2026-05-21,27.7,39.1,33.2,932.3,2,8,28,341,20.7,Partly cloudy
Ukwa Mine,2026-05-22,26.6,39.3,32.6,933.5,3,33,26,357,17.5,Overcast
Ukwa Mine,2026-05-23,27.1,38.8,32.5,933.7,2,15,27,330,16.6,Partly cloudy
Ukwa Mine,2026-05-24,27.0,38.7,32.7,933.8,2,7,28,343,15.9,Partly cloudy
Ukwa Mine,2026-05-25,27.3,39.6,33.5,933.5,3,16,28,356,16.0,Overcast
Ukwa Mine,2026-05-26,28.8,38.8,33.3,933.7,3,16,30,310,15.9,Overcast
Ukwa Mine,2026-05-27,28.6,39.0,33.1,933.3,1,7,29,299,16.9,Mainly clear
Ukwa Mine,2026-05-28,28.4,40.0,33.7,933.3,1,19,28,318,14.6,Mainly clear
Ukwa Mine,2026-05-29,25.7,37.3,32.1,933.2,53,16,37,279,19.2,Moderate drizzle
Ukwa Mine,2026-05-30,22.2,35.2,28.2,933.2,63,24,59,62,19.0,Moderate rain
Ukwa Mine,2026-05-31,21.5,34.4,28.4,934.9,3,22,54,226,11.7,Overcast
Ukwa Mine,2026-06-01,24.1,34.1,29.2,935.6,51,26,49,214,8.7,Light drizzle
Ukwa Mine,2026-06-02,23.6,34.1,29.3,934.5,51,13,48,311,12.3,Light drizzle
Ukwa Mine,2026-06-03,25.2,34.4,30.0,932.7,51,10,45,263,11.0,Light drizzle
Ukwa Mine,2026-06-04,25.6,34.8,30.0,931.3,51,21,50,282,13.3,Light drizzle
Ukwa Mine,2026-06-05,24.5,33.9,29.6,931.4,51,11,48,306,12.0,Light drizzle
Ukwa Mine,2026-06-06,24.7,34.1,28.9,931.9,53,11,53,337,18.2,Moderate drizzle
Ukwa Mine,2026-06-07,24.5,35.3,30.2,932.8,51,35,47,317,12.7,Light drizzle
Ukwa Mine,2026-06-08,26.8,36.5,31.5,931.9,53,61,46,287,13.2,Moderate drizzle
Ukwa Mine,2026-06-09,24.3,37.1,30.7,931.2,53,64,53,284,15.7,Moderate drizzle
Ukwa Mine,2026-06-10,26.3,36.0,31.2,931.6,51,46,47,296,17.1,Light drizzle
Ukwa Mine,2026-06-11,24.6,35.7,30.4,931.7,55,16,51,226,14.4,Dense drizzle
Ukwa Mine,2026-06-12,24.8,34.4,29.3,933.4,51,38,55,211,16.6,Light drizzle
Ukwa Mine,2026-06-13,23.8,32.5,27.9,933.8,51,31,61,278,12.7,Light drizzle
Ukwa Mine,2026-06-14,21.4,34.6,27.9,932.6,63,46,62,306,19.0,Moderate rain
Ukwa Mine,2026-06-15,24.8,33.5,29.0,933.0,3,46,52,339,16.8,Overcast
Ukwa Mine,2026-06-16,25.5,35.3,29.5,933.8,51,36,53,9,14.3,Light drizzle
Ukwa Mine,2026-06-17,24.4,34.6,29.4,934.0,51,29,56,334,17.4,Light drizzle
Ukwa Mine,2026-06-18,23.7,33.2,28.4,933.7,55,40,61,308,13.6,Dense drizzle
Ukwa Mine,2026-06-19,21.1,32.9,27.3,933.7,63,65,70,175,13.4,Moderate rain
Ukwa Mine,2026-06-20,24.2,34.0,29.2,934.1,51,48,53,277,12.9,Light drizzle
Ukwa Mine,2026-06-21,25.2,33.5,29.1,933.3,51,57,58,304,15.4,Light drizzle
Ukwa Mine,2026-06-22,24.0,33.5,28.4,933.5,63,43,64,258,16.2,Moderate rain
Ukwa Mine,2026-06-23,22.8,31.8,26.1,932.6,61,64,77,248,16.7,Slight rain
Ukwa Mine,2026-06-24,22.2,30.7,25.9,931.8,55,56,81,240,13.2,Dense drizzle
Ukwa Mine,2026-06-25,22.9,32.1,26.3,932.0,55,77,81,250,10.0,Dense drizzle
Ukwa Mine,2026-06-26,23.8,32.4,26.6,932.8,63,63,83,334,10.5,Moderate rain
Ukwa Mine,2026-06-27,24.2,32.8,26.9,932.4,63,67,80,228,11.0,Moderate rain
Ukwa Mine,2026-06-28,23.6,32.3,26.4,931.4,63,91,85,221,11.8,Moderate rain
Ukwa Mine,2026-06-29,23.1,31.4,26.8,930.8,61,90,82,236,16.3,Slight rain
Ukwa Mine,2026-06-30,22.8,28.0,24.7,930.6,63,98,91,262,14.8,Moderate rain
Ukwa Mine,2026-07-01,22.0,27.5,23.9,929.8,63,96,95,288,11.0,Moderate rain
Ukwa Mine,2026-07-02,22.1,25.8,23.3,929.6,65,100,96,293,12.4,Heavy rain
Ukwa Mine,2026-07-03,22.5,27.1,23.9,928.3,63,99,96,288,15.0,Moderate rain
Ukwa Mine,2026-07-04,22.8,29.5,24.8,926.8,63,97,94,293,13.6,Moderate rain
Ukwa Mine,2026-07-05,22.4,30.3,24.5,927.0,63,99,93,264,13.4,Moderate rain
Ukwa Mine,2026-07-06,22.5,25.3,23.9,926.8,61,100,97,245,15.8,Slight rain
Ukwa Mine,2026-07-07,22.5,27.1,24.1,926.8,63,92,93,214,23.3,Moderate rain
Ukwa Mine,2026-07-08,22.7,27.5,24.2,928.0,61,87,92,211,23.5,Slight rain
Ukwa Mine,2026-07-09,22.6,30.0,24.6,930.7,63,97,92,245,16.3,Moderate rain
Ukwa Mine,2026-07-10,22.3,30.3,25.8,932.2,53,93,80,259,16.0,Moderate drizzle
Ukwa Mine,2026-07-11,22.6,29.9,26.3,931.4,51,76,73,266,19.5,Light drizzle
Ukwa Mine,2026-07-12,23.9,30.6,26.7,930.1,51,74,72,263,17.1,Light drizzle
Ukwa Mine,2026-07-13,23.9,31.3,27.0,930.7,51,93,74,282,18.0,Light drizzle
Ukwa Mine,2026-07-14,24.4,31.6,27.2,931.6,53,80,73,306,20.3,Moderate drizzle
Ukwa Mine,2026-07-15,24.6,30.1,26.7,932.3,51,96,72,298,13.4,Light drizzle
Ukwa Mine,2026-07-16,23.2,29.8,26.1,932.3,63,99,81,300,17.4,Moderate rain
Ukwa Mine,2026-07-17,22.7,25.9,23.5,932.3,63,100,97,275,18.8,Moderate rain
Ukwa Mine,2026-07-18,22.2,27.7,24.2,931.9,63,99,94,268,16.1,Moderate rain
Ukwa Mine,2026-07-19,22.6,28.9,24.9,932.1,63,99,92,283,11.2,Moderate rain
Ukwa Mine,2026-07-20,22.7,28.2,24.4,931.8,63,100,94,269,12.3,Moderate rain
Ukwa Mine,2026-07-21,22.4,25.6,23.1,930.9,63,100,98,246,14.8,Moderate rain
Ukwa Mine,2026-07-22,22.0,23.4,22.4,929.5,63,100,98,234,20.4,Moderate rain
Ukwa Mine,2026-07-23,21.4,23.7,22.1,929.6,61,92,97,221,20.4,Slight rain
Ukwa Mine,2026-07-24,21.5,28.4,24.3,930.6,53,71,87,225,17.0,Moderate drizzle
Ukwa Mine,2026-07-25,22.5,29.1,25.6,931.3,53,94,85,240,12.2,Moderate drizzle
Ukwa Mine,2026-07-26,22.2,29.2,25.3,930.6,55,94,88,286,11.8,Dense drizzle
Ukwa Mine,2026-07-27,22.5,29.4,24.7,929.5,63,93,92,281,12.2,Moderate rain
Ukwa Mine,2026-07-28,22.5,30.6,24.9,928.1,65,93,91,305,14.5,Heavy rain
Ukwa Mine,2026-07-29,23.0,29.0,24.4,924.9,63,91,93,340,20.8,Moderate rain
Ukwa Mine,2026-07-30,22.4,27.7,24.5,922.6,53,77,88,59,25.9,Moderate drizzle
Ukwa Mine,2026-07-31,22.6,27.1,24.2,925.7,51,86,90,164,24.9,Light drizzle
Ukwa Mine,2026-08-01,22.7,27.9,25.0,929.1,53,87,87,205,18.0,Moderate drizzle
Ukwa Mine,2026-08-02,23.0,29.6,25.9,931.1,51,81,82,231,15.7,Light drizzle
Ukwa Mine,2026-08-03,23.4,29.8,26.3,932.2,53,99,83,238,12.4,Moderate drizzle
Ukwa Mine,2026-08-04,22.7,29.1,25.3,932.6,55,99,88,285,10.2,Dense drizzle
Ukwa Mine,2026-08-05,22.7,28.2,24.7,930.9,63,97,93,238,10.6,Moderate rain
Ukwa Mine,2026-08-06,22.9,28.1,24.8,930.2,61,99,89,247,10.7,Slight rain
Ukwa Mine,2026-08-07,22.3,26.9,23.9,929.6,63,98,92,293,13.6,Moderate rain
Ukwa Mine,2026-08-08,22.1,28.2,23.9,929.9,63,99,95,311,16.7,Moderate rain
Ukwa Mine,2026-08-09,22.1,24.6,22.8,930.1,63,97,98,271,17.5,Moderate rain
Ukwa Mine,2026-08-10,22.3,28.6,24.1,930.2,63,85,91,245,17.5,Moderate rain
Ukwa Mine,2026-08-11,21.7,26.6,23.5,930.1,63,75,94,231,12.6,Moderate rain
Ukwa Mine,2026-08-12,22.4,27.9,24.2,931.1,53,79,93,230,15.5,Moderate drizzle
Ukwa Mine,2026-08-13,22.6,28.1,24.2,932.3,63,93,94,261,12.7,Moderate rain
Ukwa Mine,2026-08-14,22.4,26.9,24.1,931.7,53,99,91,291,15.8,Moderate drizzle
Ukwa Mine,2026-08-15,22.3,26.6,23.6,930.7,63,100,96,281,17.4,Moderate rain
Ukwa Mine,2026-08-16,22.5,25.9,23.4,931.1,61,95,97,286,18.4,Slight rain
Ukwa Mine,2026-08-17,22.1,26.1,23.4,933.0,61,100,94,278,15.6,Slight rain
Ukwa Mine,2026-08-18,21.9,25.5,23.0,933.3,53,100,95,275,15.0,Moderate drizzle
Ukwa Mine,2026-08-19,22.1,23.6,22.7,932.5,63,100,98,286,15.9,Moderate rain
Ukwa Mine,2026-08-20,22.0,27.4,23.7,932.1,63,85,94,280,18.0,Moderate rain
Ukwa Mine,2026-08-21,22.2,26.0,23.5,931.6,63,98,95,282,17.1,Moderate rain
Ukwa Mine,2026-08-22,22.1,24.5,23.3,931.3,63,100,98,311,19.3,Moderate rain
Ukwa Mine,2026-08-23,22.8,27.0,24.1,932.0,63,97,96,338,16.3,Moderate rain
Ukwa Mine,2026-08-24,22.4,25.4,23.6,931.8,63,100,97,324,13.7,Moderate rain
Ukwa Mine,2026-08-25,22.1,27.7,23.9,931.6,61,98,94,283,14.3,Slight rain
Ukwa Mine,2026-08-26,22.6,27.9,24.3,931.7,63,97,93,252,15.0,Moderate rain
Ukwa Mine,2026-08-27,22.3,26.8,23.7,931.9,63,97,95,284,19.3,Moderate rain
Ukwa Mine,2026-08-28,21.6,27.7,23.9,932.2,53,95,90,287,17.9,Moderate drizzle
Ukwa Mine,2026-08-29,22.0,26.3,22.9,931.8,65,99,97,287,16.9,Heavy rain
Ukwa Mine,2026-08-30,21.6,25.8,23.3,932.2,51,100,91,312,20.1,Light drizzle
Ukwa Mine,2026-08-31,21.6,24.4,22.6,932.6,63,99,95,303,21.3,Moderate rain
Ukwa Mine,2026-09-01,21.2,26.3,23.5,933.2,55,100,88,302,18.8,Dense drizzle
Ukwa Mine,2026-09-02,21.1,22.7,21.9,933.2,63,100,98,269,16.8,Moderate rain
Ukwa Mine,2026-09-03,20.7,24.2,21.9,932.4,63,100,97,251,19.1,Moderate rain
Ukwa Mine,2026-09-04,21.3,26.5,22.9,933.8,61,66,92,239,17.7,Slight rain
Ukwa Mine,2026-09-05,20.6,25.6,22.4,935.6,53,75,94,230,15.7,Moderate drizzle
Ukwa Mine,2026-09-06,21.9,27.4,24.4,936.4,51,56,86,240,16.9,Light drizzle
Ukwa Mine,2026-09-07,21.6,28.3,24.3,936.2,61,32,88,264,14.4,Slight rain
Ukwa Mine,2026-09-08,22.2,29.5,25.4,935.9,51,34,82,306,13.4,Light drizzle
Ukwa Mine,2026-09-09,22.4,29.3,25.5,935.6,53,72,80,326,15.8,Moderate drizzle
Ukwa Mine,2026-09-10,23.0,29.4,25.8,935.0,53,87,77,343,18.0,Moderate drizzle
Ukwa Mine,2026-09-11,22.1,27.6,23.9,933.3,63,94,93,16,12.8,Moderate rain
Ukwa Mine,2026-09-12,21.7,27.3,23.6,932.5,61,85,93,81,19.6,Slight rain
Ukwa Mine,2026-09-13,21.9,23.6,22.6,935.5,65,88,95,180,20.2,Heavy rain
Ukwa Mine,2026-09-14,21.1,27.2,23.6,938.3,53,29,87,194,17.2,Moderate drizzle
Ukwa Mine,2026-09-15,21.5,27.8,24.1,938.6,53,21,87,231,9.0,Moderate drizzle
Ukwa Mine,2026-09-16,22.0,29.0,25.1,938.0,53,18,83,268,8.5,Moderate drizzle
Ukwa Mine,2026-09-17,22.8,29.1,25.3,936.9,61,24,83,266,10.2,Slight rain
Ukwa Mine,2026-09-18,22.3,29.1,25.1,937.0,61,52,85,307,12.0,Slight rain
Ukwa Mine,2026-09-19,21.8,29.6,24.6,937.8,61,59,90,18,7.1,Slight rain
Ukwa Mine,2026-09-20,21.5,29.0,24.6,938.4,61,81,90,58,9.2,Slight rain
Ukwa Mine,2026-09-21,21.8,28.4,24.6,936.7,55,60,88,27,9.4,Dense drizzle
Ukwa Mine,2026-09-22,21.9,28.5,24.2,934.7,61,77,93,18,12.5,Slight rain
Ukwa Mine,2026-09-23,22.4,29.0,24.3,932.0,61,91,92,20,20.0,Slight rain
Ukwa Mine,2026-09-24,22.1,27.0,23.3,929.0,63,99,95,13,23.4,Moderate rain
Ukwa Mine,2026-09-25,21.3,24.4,22.4,925.1,65,100,98,346,26.1,Heavy rain
Ukwa Mine,2026-09-26,19.5,24.7,21.3,930.1,63,98,92,270,24.0,Moderate rain
Ukwa Mine,2026-09-27,20.1,27.7,23.5,935.8,53,22,84,267,12.1,Moderate drizzle
Ukwa Mine,2026-09-28,21.2,29.4,24.4,937.2,1,7,76,300,10.2,Mainly clear
Ukwa Mine,2026-09-29,20.1,28.6,24.2,938.9,51,6,74,329,9.4,Light drizzle
Tirodi Mine,2025-09-29,22.2,29.8,25.8,967.4,53,63,88,182,8.2,Moderate drizzle
Tirodi Mine,2025-09-30,23.0,31.3,26.4,966.8,51,83,85,315,13.5,Light drizzle
Tirodi Mine,2025-10-01,22.5,31.4,25.9,966.6,51,79,86,328,14.4,Light drizzle
Tirodi Mine,2025-10-02,23.2,30.5,26.6,968.0,63,82,84,350,13.2,Moderate rain
Tirodi Mine,2025-10-03,24.6,30.0,26.5,969.6,61,99,85,335,12.6,Slight rain
Tirodi Mine,2025-10-04,23.5,30.1,26.0,970.3,63,99,88,262,11.8,Moderate rain
Tirodi Mine,2025-10-05,23.4,30.1,25.2,971.4,63,95,91,285,20.0,Moderate rain
Tirodi Mine,2025-10-06,22.9,28.1,24.7,972.4,63,90,91,280,12.4,Moderate rain
Tirodi Mine,2025-10-07,22.1,30.0,25.7,972.5,53,50,85,290,5.8,Moderate drizzle
Tirodi Mine,2025-10-08,22.0,30.4,26.1,972.7,3,28,75,329,12.2,Overcast
Tirodi Mine,2025-10-09,22.8,30.0,26.1,973.7,3,32,71,7,14.1,Overcast
Tirodi Mine,2025-10-10,21.9,28.8,24.7,973.0,53,21,78,24,12.8,Moderate drizzle
Tirodi Mine,2025-10-11,21.9,29.3,25.0,972.9,51,9,74,24,11.5,Light drizzle
Tirodi Mine,2025-10-12,20.1,30.1,24.7,972.9,0,2,74,30,12.9,Clear sky
Tirodi Mine,2025-10-13,21.2,29.3,25.0,973.4,51,12,75,23,10.8,Light drizzle
Tirodi Mine,2025-10-14,21.3,29.8,25.5,972.3,51,16,76,69,12.0,Light drizzle
Tirodi Mine,2025-10-15,22.3,30.5,26.1,972.3,0,7,77,62,10.1,Clear sky
Tirodi Mine,2025-10-16,21.9,30.6,25.9,972.9,1,7,76,33,7.7,Mainly clear
Tirodi Mine,2025-10-17,20.8,30.1,25.4,974.2,51,18,79,26,9.2,Light drizzle
Tirodi Mine,2025-10-18,20.7,30.8,25.3,973.2,1,6,71,35,10.0,Mainly clear
Tirodi Mine,2025-10-19,19.9,30.5,24.8,972.4,0,1,64,34,10.4,Clear sky
Tirodi Mine,2025-10-20,19.6,29.8,24.8,972.5,1,7,73,51,14.1,Mainly clear
Tirodi Mine,2025-10-21,23.1,31.1,26.3,973.4,51,32,76,67,16.4,Light drizzle
Tirodi Mine,2025-10-22,23.0,31.4,26.8,973.7,3,15,71,63,11.9,Overcast
Tirodi Mine,2025-10-23,22.4,31.5,26.7,973.1,2,10,68,63,11.2,Partly cloudy
Tirodi Mine,2025-10-24,22.7,31.3,26.9,973.0,51,19,68,81,11.7,Light drizzle
Tirodi Mine,2025-10-25,22.6,26.3,24.9,972.9,55,93,86,46,10.6,Dense drizzle
Tirodi Mine,2025-10-26,21.8,27.4,23.8,973.2,63,86,89,54,11.2,Moderate rain
Tirodi Mine,2025-10-27,21.7,30.2,25.5,972.4,53,64,79,80,16.4,Moderate drizzle
Tirodi Mine,2025-10-28,23.4,29.3,26.0,971.3,51,93,76,51,23.4,Light drizzle
Tirodi Mine,2025-10-29,24.0,29.5,26.1,968.5,61,100,79,46,23.7,Slight rain
Tirodi Mine,2025-10-30,22.9,25.6,23.8,968.2,63,86,92,77,20.3,Moderate rain
Tirodi Mine,2025-10-31,21.7,28.5,24.4,971.6,65,74,89,278,14.5,Heavy rain
Tirodi Mine,2025-11-01,21.8,30.3,25.5,973.0,51,17,83,335,11.1,Light drizzle
Tirodi Mine,2025-11-02,22.4,28.5,24.9,973.4,61,27,85,322,7.9,Slight rain
Tirodi Mine,2025-11-03,21.5,31.4,26.0,972.7,51,14,74,331,8.0,Light drizzle
Tirodi Mine,2025-11-04,20.2,29.7,24.5,972.4,53,40,76,302,7.8,Moderate drizzle
Tirodi Mine,2025-11-05,20.3,30.1,24.9,971.8,3,55,71,310,11.4,Overcast
Tirodi Mine,2025-11-06,21.2,29.9,24.9,973.3,51,15,61,356,14.0,Light drizzle
Tirodi Mine,2025-11-07,17.8,29.2,23.2,975.0,0,0,55,16,15.1,Clear sky
Tirodi Mine,2025-11-08,17.0,28.6,21.9,976.2,0,0,55,21,13.1,Clear sky
Tirodi Mine,2025-11-09,14.5,27.4,20.2,975.2,0,0,55,8,11.6,Clear sky
Tirodi Mine,2025-11-10,13.7,27.4,19.9,975.1,0,0,56,18,9.1,Clear sky
Tirodi Mine,2025-11-11,13.8,27.4,19.9,975.8,0,0,54,11,9.9,Clear sky
Tirodi Mine,2025-11-12,14.5,27.9,20.5,976.7,0,0,53,18,11.6,Clear sky
Tirodi Mine,2025-11-13,15.7,27.4,20.7,977.7,0,0,49,18,13.6,Clear sky
Tirodi Mine,2025-11-14,14.3,27.2,20.5,977.4,0,0,50,26,12.9,Clear sky
Tirodi Mine,2025-11-15,15.4,27.2,20.6,978.1,0,0,49,25,12.5,Clear sky
Tirodi Mine,2025-11-16,15.5,26.4,20.1,979.3,0,0,45,14,14.9,Clear sky
Tirodi Mine,2025-11-17,15.0,25.8,19.7,978.9,0,0,52,21,13.0,Clear sky
Tirodi Mine,2025-11-18,14.9,26.2,19.8,976.9,0,0,56,31,11.3,Clear sky
Tirodi Mine,2025-11-19,13.4,26.8,19.8,976.7,0,0,59,30,8.3,Clear sky
Tirodi Mine,2025-11-20,13.9,27.7,20.4,977.4,0,0,61,36,8.1,Clear sky
Tirodi Mine,2025-11-21,14.8,28.5,21.2,978.4,0,0,63,33,9.6,Clear sky
Tirodi Mine,2025-11-22,14.8,28.8,21.3,977.3,3,10,62,41,7.3,Overcast
Tirodi Mine,2025-11-23,13.7,28.2,20.9,977.1,3,47,65,53,10.5,Overcast
Tirodi Mine,2025-11-24,16.3,29.0,22.3,977.7,3,19,63,62,11.7,Overcast
Tirodi Mine,2025-11-25,17.3,28.3,22.6,977.6,2,16,67,58,8.1,Partly cloudy
Tirodi Mine,2025-11-26,17.2,28.8,22.6,977.9,3,18,66,45,9.6,Overcast
Tirodi Mine,2025-11-27,16.7,28.1,21.9,978.4,0,0,63,17,13.7,Clear sky
Tirodi Mine,2025-11-28,14.8,25.8,19.6,977.3,1,6,53,18,12.6,Mainly clear
Tirodi Mine,2025-11-29,14.4,26.3,19.6,976.1,3,69,56,24,10.7,Overcast
Tirodi Mine,2025-11-30,15.5,26.3,20.5,975.7,3,81,51,23,13.7,Overcast
Tirodi Mine,2025-12-01,15.2,26.8,20.4,975.5,3,58,56,32,10.6,Overcast
Tirodi Mine,2025-12-02,15.3,27.2,20.3,975.6,1,4,56,19,13.7,Mainly clear
Tirodi Mine,2025-12-03,15.2,26.7,20.2,977.4,1,4,56,27,13.1,Mainly clear
Tirodi Mine,2025-12-04,15.4,26.7,20.1,978.7,0,0,52,25,13.4,Clear sky
Tirodi Mine,2025-12-05,15.5,26.5,20.0,979.9,3,36,53,17,13.4,Overcast
Tirodi Mine,2025-12-06,14.2,26.2,19.0,979.8,3,85,42,14,13.7,Overcast
Tirodi Mine,2025-12-07,13.0,27.9,19.8,979.3,3,94,47,25,13.0,Overcast
Tirodi Mine,2025-12-08,14.5,28.7,20.5,978.9,3,17,44,20,13.3,Overcast
Tirodi Mine,2025-12-09,13.9,28.4,20.4,978.5,0,0,42,11,15.0,Clear sky
Tirodi Mine,2025-12-10,14.5,27.6,20.0,979.0,0,0,38,15,13.3,Clear sky
Tirodi Mine,2025-12-11,12.7,27.4,19.4,977.8,0,0,48,19,12.6,Clear sky
Tirodi Mine,2025-12-12,12.7,27.5,19.5,976.8,0,0,51,14,11.5,Clear sky
Tirodi Mine,2025-12-13,13.4,27.4,19.9,976.9,0,0,47,17,13.4,Clear sky
Tirodi Mine,2025-12-14,13.7,27.0,19.9,977.6,0,0,50,16,12.8,Clear sky
Tirodi Mine,2025-12-15,14.6,26.5,19.7,978.0,0,0,54,31,13.2,Clear sky
Tirodi Mine,2025-12-16,14.5,26.7,19.5,977.8,0,0,54,26,13.4,Clear sky
Tirodi Mine,2025-12-17,12.4,29.4,19.8,978.6,0,0,49,9,12.4,Clear sky
Tirodi Mine,2025-12-18,13.0,28.3,19.7,978.5,0,0,53,2,14.2,Clear sky
Tirodi Mine,2025-12-19,12.9,26.5,18.7,976.6,0,0,58,360,14.3,Clear sky
Tirodi Mine,2025-12-20,12.3,27.2,18.7,975.5,0,0,54,15,14.2,Clear sky
Tirodi Mine,2025-12-21,13.0,27.4,19.3,976.6,3,71,47,18,15.2,Overcast
Tirodi Mine,2025-12-22,13.9,27.1,19.6,976.6,3,47,54,11,13.7,Overcast
Tirodi Mine,2025-12-23,13.1,28.0,19.8,976.0,1,6,53,17,15.3,Mainly clear
Tirodi Mine,2025-12-24,13.9,27.1,20.0,976.2,3,46,53,20,14.8,Overcast
Tirodi Mine,2025-12-25,14.5,26.9,20.1,976.7,1,7,55,28,10.8,Mainly clear
Tirodi Mine,2025-12-26,14.3,26.8,19.8,976.6,0,0,54,16,15.3,Clear sky
Tirodi Mine,2025-12-27,12.7,27.0,19.3,976.8,0,0,49,17,12.8,Clear sky
Tirodi Mine,2025-12-28,12.4,27.3,19.2,977.4,0,0,47,18,10.7,Clear sky
Tirodi Mine,2025-12-29,12.9,27.5,19.2,977.0,0,0,47,15,10.9,Clear sky
Tirodi Mine,2025-12-30,11.2,27.8,18.7,975.4,2,16,45,325,7.7,Partly cloudy
Tirodi Mine,2025-12-31,11.2,27.4,18.8,973.5,0,0,50,204,8.2,Clear sky
Tirodi Mine,2026-01-01,12.2,28.2,19.5,974.1,2,6,52,310,11.3,Partly cloudy
Tirodi Mine,2026-01-02,15.1,28.3,21.0,976.3,2,18,53,338,15.3,Partly cloudy
Tirodi Mine,2026-01-03,15.5,27.9,21.2,977.3,1,10,58,356,14.7,Mainly clear
Tirodi Mine,2026-01-04,15.0,27.8,20.6,978.5,1,4,62,1,14.4,Mainly clear
Tirodi Mine,2026-01-05,13.7,25.4,18.4,979.9,0,0,51,12,14.1,Clear sky
Tirodi Mine,2026-01-06,11.3,26.4,18.0,979.7,0,0,46,18,10.3,Clear sky
Tirodi Mine,2026-01-07,10.9,27.2,19.0,980.1,3,17,46,37,8.3,Overcast
Tirodi Mine,2026-01-08,13.4,27.0,19.7,980.2,1,2,43,41,14.2,Mainly clear
Tirodi Mine,2026-01-09,13.4,27.0,19.4,979.8,3,62,43,35,14.7,Overcast
Tirodi Mine,2026-01-10,12.6,26.8,19.2,979.1,3,15,42,48,9.8,Overcast
Tirodi Mine,2026-01-11,12.1,26.7,19.3,980.3,0,0,42,42,11.3,Clear sky
Tirodi Mine,2026-01-12,13.6,26.8,19.8,980.7,0,0,43,53,10.7,Clear sky
Tirodi Mine,2026-01-13,14.7,28.0,20.5,979.7,0,0,45,22,10.7,Clear sky
Tirodi Mine,2026-01-14,14.6,29.2,21.1,977.1,1,5,49,342,15.3,Mainly clear
Tirodi Mine,2026-01-15,15.3,28.6,21.1,976.9,0,0,47,11,12.5,Clear sky
Tirodi Mine,2026-01-16,13.5,28.4,20.0,976.8,1,2,45,27,11.0,Mainly clear
Tirodi Mine,2026-01-17,12.3,29.9,20.6,975.1,2,8,40,326,9.6,Partly cloudy
Tirodi Mine,2026-01-18,14.4,29.8,21.5,973.4,1,3,40,163,7.5,Mainly clear
Tirodi Mine,2026-01-19,15.2,29.5,21.8,974.6,0,1,38,164,8.5,Clear sky
Tirodi Mine,2026-01-20,16.0,29.8,22.5,975.7,3,35,48,13,9.6,Overcast
Tirodi Mine,2026-01-21,17.7,29.0,22.8,977.3,3,26,46,32,12.2,Overcast
Tirodi Mine,2026-01-22,16.7,29.2,22.1,977.6,3,10,42,62,11.7,Overcast
Tirodi Mine,2026-01-23,16.0,29.1,21.6,977.9,3,18,40,164,13.8,Overcast
Tirodi Mine,2026-01-24,15.7,28.5,21.6,979.2,3,26,44,84,8.8,Overcast
Tirodi Mine,2026-01-25,15.0,29.5,21.6,978.0,2,15,48,32,11.3,Partly cloudy
Tirodi Mine,2026-01-26,14.5,29.4,21.6,979.0,1,5,47,63,10.2,Mainly clear
Tirodi Mine,2026-01-27,15.0,29.5,22.1,979.0,0,1,45,161,9.7,Clear sky
Tirodi Mine,2026-01-28,17.4,28.5,22.7,978.1,51,18,53,337,14.7,Light drizzle
Tirodi Mine,2026-01-29,16.9,29.0,22.3,978.4,3,43,61,10,16.8,Overcast
Tirodi Mine,2026-01-30,16.1,29.7,22.2,978.7,3,87,53,17,12.5,Overcast
Tirodi Mine,2026-01-31,15.9,30.6,22.9,978.7,3,99,42,12,14.5,Overcast
Tirodi Mine,2026-02-01,17.3,30.4,23.4,978.8,3,81,40,32,11.9,Overcast
Tirodi Mine,2026-02-02,16.8,30.6,23.2,978.7,3,31,44,53,6.7,Overcast
Tirodi Mine,2026-02-03,16.6,30.5,23.2,979.0,2,11,45,66,14.8,Partly cloudy
Tirodi Mine,2026-02-04,17.2,29.9,23.2,979.7,1,5,49,40,14.7,Mainly clear
Tirodi Mine,2026-02-05,17.2,30.2,23.7,979.7,3,21,52,18,12.7,Overcast
Tirodi Mine,2026-02-06,17.2,30.9,23.3,979.6,0,1,45,14,15.4,Clear sky
Tirodi Mine,2026-02-07,15.7,29.8,22.3,978.3,0,0,40,10,15.8,Clear sky
Tirodi Mine,2026-02-08,15.9,29.6,22.3,976.9,0,0,41,40,8.3,Clear sky
Tirodi Mine,2026-02-09,16.0,30.6,22.8,976.2,0,0,39,354,10.9,Clear sky
Tirodi Mine,2026-02-10,16.8,31.5,23.6,976.9,1,2,37,31,10.4,Mainly clear
Tirodi Mine,2026-02-11,17.2,31.9,24.1,978.5,1,3,39,56,9.7,Mainly clear
Tirodi Mine,2026-02-12,17.7,31.8,24.2,977.9,1,5,42,47,8.4,Mainly clear
Tirodi Mine,2026-02-13,18.5,31.5,25.1,976.7,3,71,39,20,16.9,Overcast
Tirodi Mine,2026-02-14,19.8,33.2,25.7,975.5,3,15,40,344,14.4,Overcast
Tirodi Mine,2026-02-15,19.5,32.5,25.4,975.6,2,7,37,11,14.2,Partly cloudy
Tirodi Mine,2026-02-16,17.9,31.2,24.5,975.1,0,0,29,65,10.1,Clear sky
Tirodi Mine,2026-02-17,15.9,32.4,24.1,974.9,0,0,31,40,11.6,Clear sky
Tirodi Mine,2026-02-18,16.7,31.9,24.4,974.6,2,8,34,63,10.8,Partly cloudy
Tirodi Mine,2026-02-19,18.8,31.8,25.0,976.0,0,0,33,43,13.9,Clear sky
Tirodi Mine,2026-02-20,18.3,32.7,25.3,977.1,0,2,36,44,14.5,Clear sky
Tirodi Mine,2026-02-21,19.4,32.9,25.6,974.4,2,14,40,352,13.8,Partly cloudy
Tirodi Mine,2026-02-22,18.6,34.1,26.3,971.6,3,15,41,315,13.2,Overcast
Tirodi Mine,2026-02-23,20.3,32.4,26.0,971.6,51,29,41,290,14.9,Light drizzle
Tirodi Mine,2026-02-24,18.9,32.4,25.3,973.2,3,23,37,330,12.2,Overcast
Tirodi Mine,2026-02-25,18.7,31.4,25.1,974.2,3,25,36,20,12.8,Overcast
Tirodi Mine,2026-02-26,18.4,33.5,25.4,973.0,3,16,32,358,14.5,Overcast
Tirodi Mine,2026-02-27,18.1,33.3,25.6,970.9,3,21,34,296,10.9,Overcast
Tirodi Mine,2026-02-28,20.5,34.3,27.1,970.1,3,43,38,218,14.4,Overcast
Tirodi Mine,2026-03-01,20.7,35.5,27.9,971.0,1,4,36,305,20.6,Mainly clear
Tirodi Mine,2026-03-02,20.5,34.7,27.5,973.5,0,0,32,14,15.0,Clear sky
Tirodi Mine,2026-03-03,19.6,35.2,27.5,974.5,0,0,31,9,13.5,Clear sky
Tirodi Mine,2026-03-04,20.6,36.7,28.1,974.7,0,0,26,2,15.9,Clear sky
Tirodi Mine,2026-03-05,19.9,37.0,28.4,973.0,0,0,25,344,15.2,Clear sky
Tirodi Mine,2026-03-06,24.1,37.4,29.7,971.9,0,0,24,350,15.1,Clear sky
Tirodi Mine,2026-03-07,22.7,36.8,29.4,972.7,0,0,28,3,14.5,Clear sky
Tirodi Mine,2026-03-08,22.5,37.2,29.5,973.6,0,0,31,6,16.0,Clear sky
Tirodi Mine,2026-03-09,22.8,37.8,30.2,974.1,0,0,27,23,16.4,Clear sky
Tirodi Mine,2026-03-10,23.9,37.4,29.8,975.2,0,0,26,29,10.7,Clear sky
Tirodi Mine,2026-03-11,23.3,38.1,29.8,974.6,0,0,24,9,14.8,Clear sky
Tirodi Mine,2026-03-12,21.2,39.2,29.5,972.0,0,0,22,309,10.1,Clear sky
Tirodi Mine,2026-03-13,19.7,39.1,29.6,970.8,0,0,20,272,12.1,Clear sky
Tirodi Mine,2026-03-14,21.8,38.6,29.7,971.4,0,0,19,239,15.6,Clear sky
Tirodi Mine,2026-03-15,22.9,38.2,29.8,971.9,2,8,27,247,16.5,Partly cloudy
Tirodi Mine,2026-03-16,22.7,37.4,29.1,970.9,2,27,30,231,18.8,Partly cloudy
Tirodi Mine,2026-03-17,22.9,36.8,29.5,971.0,3,21,32,227,16.1,Overcast
Tirodi Mine,2026-03-18,23.1,34.1,28.4,973.2,3,93,33,207,17.5,Overcast
Tirodi Mine,2026-03-19,20.7,35.4,27.4,973.8,3,51,37,256,21.3,Overcast
Tirodi Mine,2026-03-20,20.8,32.8,25.2,972.4,3,65,42,286,20.4,Overcast
Tirodi Mine,2026-03-21,19.9,32.1,25.6,973.6,3,13,38,6,14.7,Overcast
Tirodi Mine,2026-03-22,19.4,33.5,26.2,974.5,3,46,29,18,13.6,Overcast
Tirodi Mine,2026-03-23,19.9,35.0,27.4,973.4,3,15,32,331,9.0,Overcast
Tirodi Mine,2026-03-24,20.7,36.0,28.6,971.5,3,18,30,272,18.6,Overcast
Tirodi Mine,2026-03-25,23.8,37.0,30.1,971.8,3,19,30,350,14.7,Overcast
Tirodi Mine,2026-03-26,23.3,37.7,31.0,973.1,1,11,29,93,16.1,Mainly clear
Tirodi Mine,2026-03-27,24.1,39.5,31.5,970.3,3,31,27,281,24.1,Overcast
Tirodi Mine,2026-03-28,25.2,38.4,31.2,968.3,3,14,25,300,17.2,Overcast
Tirodi Mine,2026-03-29,22.8,39.6,31.4,969.0,0,1,29,306,21.3,Clear sky
Tirodi Mine,2026-03-30,24.3,39.1,32.1,970.1,61,33,31,316,25.4,Slight rain
Tirodi Mine,2026-03-31,22.1,35.5,29.3,972.7,55,50,43,207,14.7,Dense drizzle
Tirodi Mine,2026-04-01,23.6,37.5,30.1,972.0,3,32,38,244,11.1,Overcast
Tirodi Mine,2026-04-02,24.4,34.7,28.8,973.0,3,64,43,240,17.1,Overcast
Tirodi Mine,2026-04-03,24.3,37.2,30.5,972.5,3,55,40,297,14.8,Overcast
Tirodi Mine,2026-04-04,23.5,34.5,28.5,971.8,3,92,45,294,17.7,Overcast
Tirodi Mine,2026-04-05,23.0,34.6,28.5,971.0,2,28,42,279,17.5,Partly cloudy
Tirodi Mine,2026-04-06,23.4,36.1,28.8,970.6,2,15,31,329,15.8,Partly cloudy
Tirodi Mine,2026-04-07,22.2,36.4,28.7,970.6,2,5,29,285,23.6,Partly cloudy
Tirodi Mine,2026-04-08,23.8,34.3,29.0,970.2,3,20,39,294,22.8,Overcast
Tirodi Mine,2026-04-09,22.9,35.8,29.0,972.3,2,11,39,334,14.2,Partly cloudy
Tirodi Mine,2026-04-10,23.5,36.0,29.2,974.1,0,0,30,21,14.8,Clear sky
Tirodi Mine,2026-04-11,22.6,36.7,28.9,973.4,0,0,24,19,13.4,Clear sky
Tirodi Mine,2026-04-12,21.1,39.0,29.9,969.9,0,0,28,261,14.6,Clear sky
Tirodi Mine,2026-04-13,23.2,39.3,31.2,970.5,1,2,29,358,17.2,Mainly clear
Tirodi Mine,2026-04-14,25.2,39.4,32.2,970.4,0,0,27,27,13.8,Clear sky
Tirodi Mine,2026-04-15,23.8,41.6,32.4,967.7,0,0,26,294,16.4,Clear sky
Tirodi Mine,2026-04-16,25.0,41.9,32.5,967.9,2,8,24,182,12.0,Partly cloudy
Tirodi Mine,2026-04-17,26.2,41.5,33.1,969.5,3,61,24,12,10.1,Overcast
Tirodi Mine,2026-04-18,28.3,42.0,34.7,969.3,3,94,22,31,13.6,Overcast
Tirodi Mine,2026-04-19,27.0,42.4,34.4,968.8,3,38,20,212,12.6,Overcast
Tirodi Mine,2026-04-20,28.7,41.6,34.1,969.2,3,80,23,303,16.6,Overcast
Tirodi Mine,2026-04-21,27.3,40.5,33.6,969.0,3,45,23,285,14.8,Overcast
Tirodi Mine,2026-04-22,25.7,40.9,33.7,969.0,3,77,21,278,18.5,Overcast
Tirodi Mine,2026-04-23,25.7,41.2,33.1,969.1,3,76,20,360,21.6,Overcast
Tirodi Mine,2026-04-24,26.5,42.0,34.2,968.9,3,59,20,313,18.1,Overcast
Tirodi Mine,2026-04-25,25.2,43.4,34.7,969.3,3,32,21,266,13.6,Overcast
Tirodi Mine,2026-04-26,26.8,43.5,35.2,967.8,3,17,21,251,13.1,Overcast
Tirodi Mine,2026-04-27,27.0,42.5,34.7,966.4,2,17,25,299,28.0,Partly cloudy
Tirodi Mine,2026-04-28,26.7,42.9,35.2,966.6,1,7,25,269,27.1,Mainly clear
Tirodi Mine,2026-04-29,28.1,42.7,35.0,966.3,1,5,19,269,28.0,Mainly clear
Tirodi Mine,2026-04-30,28.5,40.2,34.3,967.1,3,27,22,284,25.1,Overcast
Tirodi Mine,2026-05-01,25.3,39.6,32.4,967.7,2,18,33,299,21.4,Partly cloudy
Tirodi Mine,2026-05-02,27.0,40.9,33.1,966.3,51,34,35,290,38.6,Light drizzle
Tirodi Mine,2026-05-03,23.7,40.9,32.3,966.7,2,18,39,287,20.2,Partly cloudy
Tirodi Mine,2026-05-04,26.3,40.7,33.2,967.1,1,10,28,236,14.5,Mainly clear
Tirodi Mine,2026-05-05,26.6,38.9,32.4,969.3,1,16,30,159,16.9,Mainly clear
Tirodi Mine,2026-05-06,23.9,36.8,30.2,969.9,1,8,43,243,12.3,Mainly clear
Tirodi Mine,2026-05-07,24.4,38.1,31.5,970.2,3,28,36,186,14.6,Overcast
Tirodi Mine,2026-05-08,23.3,38.2,31.4,970.9,1,9,36,203,11.8,Mainly clear
Tirodi Mine,2026-05-09,24.3,37.8,30.1,970.7,51,22,41,219,30.5,Light drizzle
Tirodi Mine,2026-05-10,23.4,38.3,31.2,969.1,1,6,41,202,12.7,Mainly clear
Tirodi Mine,2026-05-11,26.4,39.5,33.2,968.6,1,8,35,215,13.7,Mainly clear
Tirodi Mine,2026-05-12,27.5,39.9,33.4,967.2,51,9,36,255,14.9,Light drizzle
Tirodi Mine,2026-05-13,28.4,40.2,33.6,965.9,51,15,41,236,18.2,Light drizzle
Tirodi Mine,2026-05-14,27.1,40.8,33.9,965.0,2,15,41,176,15.9,Partly cloudy
Tirodi Mine,2026-05-15,29.5,40.7,34.9,964.7,51,16,38,194,14.8,Light drizzle
Tirodi Mine,2026-05-16,28.6,39.1,34.0,965.6,2,19,42,116,15.4,Partly cloudy
Tirodi Mine,2026-05-17,28.3,41.0,34.0,966.6,3,31,41,192,19.6,Overcast
Tirodi Mine,2026-05-18,28.4,41.4,34.9,965.9,51,12,36,217,13.5,Light drizzle
Tirodi Mine,2026-05-19,29.4,41.2,35.1,965.8,1,9,36,221,13.8,Mainly clear
Tirodi Mine,2026-05-20,28.9,42.1,35.5,964.7,3,30,32,148,18.0,Overcast
Tirodi Mine,2026-05-21,31.1,42.4,36.0,965.6,2,9,26,347,21.8,Partly cloudy
Tirodi Mine,2026-05-22,31.3,42.6,36.4,967.0,3,34,23,358,19.4,Overcast
Tirodi Mine,2026-05-23,30.9,43.0,36.4,967.4,3,30,22,311,21.3,Overcast
Tirodi Mine,2026-05-24,28.8,42.4,35.7,967.4,1,4,27,345,20.7,Mainly clear
Tirodi Mine,2026-05-25,29.7,43.4,36.9,966.9,3,19,24,339,14.4,Overcast
Tirodi Mine,2026-05-26,30.3,42.9,36.4,967.1,3,27,26,290,13.2,Overcast
Tirodi Mine,2026-05-27,29.7,43.0,36.7,967.0,1,11,24,293,19.3,Mainly clear
Tirodi Mine,2026-05-28,31.3,44.2,37.3,966.8,51,28,23,273,22.7,Light drizzle
Tirodi Mine,2026-05-29,29.7,40.1,35.2,966.9,51,17,31,275,19.6,Light drizzle
Tirodi Mine,2026-05-30,26.7,39.1,31.8,967.2,51,14,47,349,26.7,Light drizzle
Tirodi Mine,2026-05-31,24.6,38.4,31.7,969.2,51,19,45,303,19.8,Light drizzle
Tirodi Mine,2026-06-01,26.3,38.0,32.7,969.8,3,24,40,329,15.0,Overcast
Tirodi Mine,2026-06-02,27.6,37.2,32.8,968.7,3,18,38,289,14.4,Overcast
Tirodi Mine,2026-06-03,27.3,38.5,33.1,966.6,51,15,40,286,17.1,Light drizzle
Tirodi Mine,2026-06-04,27.3,39.3,33.3,965.1,51,13,45,315,12.2,Light drizzle
Tirodi Mine,2026-06-05,28.4,37.3,32.9,965.4,51,14,41,301,14.9,Light drizzle
Tirodi Mine,2026-06-06,28.5,36.7,32.8,966.1,53,14,44,337,27.9,Moderate drizzle
Tirodi Mine,2026-06-07,28.6,38.7,33.9,966.5,51,38,39,338,12.3,Light drizzle
Tirodi Mine,2026-06-08,29.3,40.1,34.4,965.6,51,74,41,267,13.6,Light drizzle
Tirodi Mine,2026-06-09,26.1,40.0,34.0,965.0,51,49,46,265,17.5,Light drizzle
Tirodi Mine,2026-06-10,29.6,40.4,33.6,965.2,53,55,47,276,20.3,Moderate drizzle
Tirodi Mine,2026-06-11,27.0,39.5,33.2,965.5,51,18,49,242,14.4,Light drizzle
Tirodi Mine,2026-06-12,27.5,38.3,32.2,967.4,51,41,52,199,18.9,Light drizzle
Tirodi Mine,2026-06-13,25.8,35.0,29.3,968.1,55,48,65,263,16.9,Dense drizzle
Tirodi Mine,2026-06-14,24.5,36.7,30.0,966.9,61,39,62,308,17.3,Slight rain
Tirodi Mine,2026-06-15,26.2,37.1,31.4,967.1,53,56,48,319,15.4,Moderate drizzle
Tirodi Mine,2026-06-16,27.8,37.4,32.1,967.8,51,33,50,333,20.9,Light drizzle
Tirodi Mine,2026-06-17,26.3,37.6,31.1,968.1,61,47,57,314,17.6,Slight rain
Tirodi Mine,2026-06-18,26.9,36.5,30.7,968.0,61,43,60,302,21.5,Slight rain
Tirodi Mine,2026-06-19,27.2,37.5,32.1,967.9,3,50,51,284,15.0,Overcast
Tirodi Mine,2026-06-20,27.3,38.6,32.9,968.3,3,56,44,291,17.2,Overcast
Tirodi Mine,2026-06-21,28.5,38.5,33.4,967.4,55,51,46,289,20.5,Dense drizzle
Tirodi Mine,2026-06-22,26.5,36.7,31.2,967.6,61,53,59,263,16.4,Slight rain
Tirodi Mine,2026-06-23,24.5,35.4,28.7,967.2,63,60,73,242,17.9,Moderate rain
Tirodi Mine,2026-06-24,24.4,32.3,27.6,966.3,55,62,81,247,13.6,Dense drizzle
Tirodi Mine,2026-06-25,25.0,32.7,28.6,966.4,63,75,75,247,10.4,Moderate rain
Tirodi Mine,2026-06-26,25.8,35.5,29.2,967.1,61,77,74,333,11.8,Slight rain
Tirodi Mine,2026-06-27,25.9,36.1,29.2,966.8,63,71,74,271,12.1,Moderate rain
Tirodi Mine,2026-06-28,26.0,35.1,29.1,965.8,61,92,79,231,17.0,Slight rain
Tirodi Mine,2026-06-29,25.1,34.1,28.3,965.3,61,90,82,251,17.4,Slight rain
Tirodi Mine,2026-06-30,24.5,28.6,26.1,965.4,63,99,93,252,13.8,Moderate rain
Tirodi Mine,2026-07-01,24.3,27.8,25.8,964.8,61,99,94,260,12.9,Slight rain
Tirodi Mine,2026-07-02,24.4,27.1,25.5,964.5,63,100,96,263,11.9,Moderate rain
Tirodi Mine,2026-07-03,24.1,27.6,25.5,963.2,63,99,96,249,14.5,Moderate rain
Tirodi Mine,2026-07-04,23.9,31.1,26.4,961.4,63,96,93,265,13.5,Moderate rain
Tirodi Mine,2026-07-05,23.8,31.6,26.7,961.7,61,98,91,250,11.8,Slight rain
Tirodi Mine,2026-07-06,25.0,31.0,27.3,961.4,55,100,85,236,14.1,Dense drizzle
Tirodi Mine,2026-07-07,24.9,30.6,26.9,961.2,63,94,84,214,22.8,Moderate rain
Tirodi Mine,2026-07-08,24.9,30.3,27.0,962.5,63,89,84,215,25.1,Moderate rain
Tirodi Mine,2026-07-09,24.5,32.6,27.9,965.3,61,90,80,253,19.4,Slight rain
Tirodi Mine,2026-07-10,24.7,33.0,28.6,966.9,51,88,73,264,19.4,Light drizzle
Tirodi Mine,2026-07-11,26.2,33.0,28.8,966.1,51,60,66,267,21.8,Light drizzle
Tirodi Mine,2026-07-12,25.8,33.1,28.9,964.6,3,66,67,263,18.8,Overcast
Tirodi Mine,2026-07-13,25.6,33.4,29.3,965.1,51,91,67,275,17.9,Light drizzle
Tirodi Mine,2026-07-14,26.2,34.3,29.7,966.1,51,78,64,283,19.3,Light drizzle
Tirodi Mine,2026-07-15,26.1,32.8,29.0,966.8,53,79,67,291,14.0,Moderate drizzle
Tirodi Mine,2026-07-16,24.5,33.3,28.4,966.9,61,99,81,295,14.9,Slight rain
Tirodi Mine,2026-07-17,24.2,26.7,25.6,967.4,63,100,94,249,14.5,Moderate rain
Tirodi Mine,2026-07-18,24.0,29.7,26.3,966.9,63,98,90,256,13.8,Moderate rain
Tirodi Mine,2026-07-19,24.9,32.0,27.0,966.8,65,97,87,280,18.8,Heavy rain
Tirodi Mine,2026-07-20,24.8,29.9,26.5,966.6,65,100,92,252,14.6,Heavy rain
Tirodi Mine,2026-07-21,24.1,26.1,24.9,966.0,63,100,96,240,13.9,Moderate rain
Tirodi Mine,2026-07-22,23.6,26.3,24.5,964.5,63,99,94,234,19.2,Moderate rain
Tirodi Mine,2026-07-23,23.3,27.6,24.9,964.6,53,90,88,221,24.2,Moderate drizzle
Tirodi Mine,2026-07-24,24.3,31.3,26.8,965.2,53,66,81,223,17.8,Moderate drizzle
Tirodi Mine,2026-07-25,24.1,32.4,27.9,965.7,51,87,79,243,15.5,Light drizzle
Tirodi Mine,2026-07-26,25.6,32.4,28.3,965.3,61,93,77,270,14.3,Slight rain
Tirodi Mine,2026-07-27,24.4,31.5,26.9,964.1,63,94,88,255,10.3,Moderate rain
Tirodi Mine,2026-07-28,24.1,30.6,26.4,962.9,63,97,92,264,13.0,Moderate rain
Tirodi Mine,2026-07-29,24.5,31.1,26.7,959.9,65,96,90,314,21.0,Heavy rain
Tirodi Mine,2026-07-30,24.6,30.7,26.9,956.8,55,78,85,36,21.6,Dense drizzle
Tirodi Mine,2026-07-31,24.1,27.8,25.3,959.5,61,84,93,147,24.7,Slight rain
Tirodi Mine,2026-08-01,23.6,29.9,26.9,963.4,51,87,83,207,16.9,Light drizzle
Tirodi Mine,2026-08-02,25.6,31.6,28.2,965.5,51,85,76,237,15.9,Light drizzle
Tirodi Mine,2026-08-03,25.2,32.1,28.5,966.5,51,98,79,244,14.0,Light drizzle
Tirodi Mine,2026-08-04,25.5,32.0,27.9,967.1,53,89,82,269,9.9,Moderate drizzle
Tirodi Mine,2026-08-05,25.4,32.1,28.3,965.4,51,89,81,240,15.3,Light drizzle
Tirodi Mine,2026-08-06,24.7,32.0,28.3,964.8,51,95,77,260,13.9,Light drizzle
Tirodi Mine,2026-08-07,23.8,30.1,26.0,964.3,63,98,89,266,11.7,Moderate rain
Tirodi Mine,2026-08-08,24.4,30.3,26.1,964.7,63,97,93,272,11.0,Moderate rain
Tirodi Mine,2026-08-09,23.5,28.6,25.1,965.3,63,90,95,258,17.5,Moderate rain
Tirodi Mine,2026-08-10,23.8,30.6,26.3,965.1,55,62,86,253,18.4,Dense drizzle
Tirodi Mine,2026-08-11,23.4,30.0,26.2,964.8,51,70,85,237,14.9,Light drizzle
Tirodi Mine,2026-08-12,24.1,30.3,26.3,965.8,61,82,89,234,14.3,Slight rain
Tirodi Mine,2026-08-13,24.2,30.7,27.2,967.1,53,91,81,257,12.5,Moderate drizzle
Tirodi Mine,2026-08-14,24.6,29.9,26.7,966.7,51,99,81,268,15.2,Light drizzle
Tirodi Mine,2026-08-15,24.2,29.5,26.3,965.8,63,98,88,268,18.6,Moderate rain
Tirodi Mine,2026-08-16,24.2,29.4,26.0,966.2,61,96,89,272,17.0,Slight rain
Tirodi Mine,2026-08-17,24.1,29.4,26.0,968.1,61,100,88,261,16.9,Slight rain
Tirodi Mine,2026-08-18,23.7,27.7,25.3,968.5,55,100,93,253,11.5,Dense drizzle
Tirodi Mine,2026-08-19,23.8,26.5,25.0,967.8,61,100,96,262,13.0,Slight rain
Tirodi Mine,2026-08-20,23.9,31.1,27.1,967.2,51,86,80,275,14.3,Light drizzle
Tirodi Mine,2026-08-21,23.8,30.0,26.3,966.7,61,98,85,269,16.0,Slight rain
Tirodi Mine,2026-08-22,23.5,28.1,25.5,966.4,63,100,94,278,18.2,Moderate rain
Tirodi Mine,2026-08-23,23.5,30.1,26.1,966.9,63,97,92,285,14.3,Moderate rain
Tirodi Mine,2026-08-24,24.5,30.7,26.1,966.7,63,99,92,269,12.4,Moderate rain
Tirodi Mine,2026-08-25,24.0,29.8,26.3,966.6,63,98,90,264,16.1,Moderate rain
Tirodi Mine,2026-08-26,24.0,31.5,26.8,966.6,61,90,87,257,15.5,Slight rain
Tirodi Mine,2026-08-27,24.0,30.6,26.0,967.0,63,96,89,270,20.0,Moderate rain
Tirodi Mine,2026-08-28,23.6,30.5,26.3,967.2,53,92,83,265,16.8,Moderate drizzle
Tirodi Mine,2026-08-29,23.9,26.5,24.9,967.0,63,100,94,258,14.7,Moderate rain
Tirodi Mine,2026-08-30,23.4,30.5,26.5,967.3,51,98,79,289,18.3,Light drizzle
Tirodi Mine,2026-08-31,23.8,29.5,26.3,967.9,55,98,78,283,17.9,Dense drizzle
Tirodi Mine,2026-09-01,23.5,29.8,26.5,968.3,51,96,77,286,17.8,Light drizzle
Tirodi Mine,2026-09-02,23.0,27.0,24.5,968.7,55,100,92,257,13.6,Dense drizzle
Tirodi Mine,2026-09-03,22.3,26.7,24.4,967.9,63,100,92,253,19.0,Moderate rain
Tirodi Mine,2026-09-04,23.3,28.1,25.3,969.0,53,75,85,245,19.8,Moderate drizzle
Tirodi Mine,2026-09-05,22.4,28.1,25.1,970.7,63,58,86,240,18.9,Moderate rain
Tirodi Mine,2026-09-06,23.0,30.6,26.5,971.4,51,25,82,250,15.0,Light drizzle
Tirodi Mine,2026-09-07,23.2,30.6,26.6,971.2,61,17,83,269,11.7,Slight rain
Tirodi Mine,2026-09-08,23.7,31.6,27.1,970.7,53,25,84,260,11.6,Moderate drizzle
Tirodi Mine,2026-09-09,24.2,32.2,28.0,970.4,51,75,75,312,11.0,Light drizzle
Tirodi Mine,2026-09-10,25.1,31.8,28.2,969.7,51,94,70,327,14.8,Light drizzle
Tirodi Mine,2026-09-11,25.0,29.3,26.6,968.1,65,97,83,355,14.0,Heavy rain
Tirodi Mine,2026-09-12,23.9,28.8,25.8,967.2,63,90,91,53,14.8,Moderate rain
Tirodi Mine,2026-09-13,23.6,26.8,24.9,970.2,63,86,91,182,23.3,Moderate rain
Tirodi Mine,2026-09-14,23.1,28.0,25.2,973.3,53,52,89,198,14.2,Moderate drizzle
Tirodi Mine,2026-09-15,23.1,30.1,26.0,973.5,51,25,87,237,9.8,Light drizzle
Tirodi Mine,2026-09-16,23.8,31.4,27.2,972.7,51,20,82,271,10.2,Light drizzle
Tirodi Mine,2026-09-17,23.9,31.4,27.1,971.6,61,21,83,300,11.4,Slight rain
Tirodi Mine,2026-09-18,23.5,31.9,26.5,971.7,61,43,88,328,11.9,Slight rain
Tirodi Mine,2026-09-19,23.4,31.4,26.9,972.6,51,54,86,1,7.0,Light drizzle
Tirodi Mine,2026-09-20,24.2,30.9,26.6,973.2,53,73,85,27,15.9,Moderate drizzle
Tirodi Mine,2026-09-21,24.1,30.9,26.9,971.4,51,61,84,21,10.0,Light drizzle
Tirodi Mine,2026-09-22,24.9,30.9,26.6,969.4,63,69,87,16,12.1,Moderate rain
Tirodi Mine,2026-09-23,25.4,31.5,27.6,966.6,61,85,81,14,19.4,Slight rain
Tirodi Mine,2026-09-24,24.4,30.7,26.7,964.0,53,98,81,4,23.6,Moderate drizzle
Tirodi Mine,2026-09-25,23.4,25.9,24.6,961.1,65,100,91,332,27.1,Heavy rain
Tirodi Mine,2026-09-26,22.0,29.1,24.7,965.8,61,99,83,265,20.0,Slight rain
Tirodi Mine,2026-09-27,20.9,30.7,25.2,970.7,51,26,82,272,10.4,Light drizzle
Tirodi Mine,2026-09-28,21.4,31.6,26.2,972.0,1,6,79,302,8.9,Mainly clear
Tirodi Mine,2026-09-29,21.5,31.5,26.3,973.8,0,5,71,339,6.9,Clear sky
Sitapatore Mine,2025-09-29,22.5,30.0,25.8,968.4,51,62,87,174,7.3,Light drizzle
Sitapatore Mine,2025-09-30,22.9,31.5,26.5,967.9,51,77,84,314,9.9,Light drizzle
Sitapatore Mine,2025-10-01,22.7,32.1,26.0,967.7,55,80,86,325,11.9,Dense drizzle
Sitapatore Mine,2025-10-02,23.2,30.8,26.8,969.1,63,81,82,347,11.0,Moderate rain
Sitapatore Mine,2025-10-03,24.6,30.1,26.6,970.7,53,99,85,333,10.8,Moderate drizzle
Sitapatore Mine,2025-10-04,24.3,30.9,26.3,971.4,61,99,87,266,8.8,Slight rain
Sitapatore Mine,2025-10-05,23.4,30.2,25.2,972.5,65,91,90,276,16.7,Heavy rain
Sitapatore Mine,2025-10-06,22.9,28.5,24.6,973.5,63,92,92,286,11.8,Moderate rain
Sitapatore Mine,2025-10-07,22.2,30.4,25.9,973.6,51,51,83,291,5.6,Light drizzle
Sitapatore Mine,2025-10-08,21.8,30.7,26.0,973.8,3,31,74,327,12.5,Overcast
Sitapatore Mine,2025-10-09,22.7,30.6,26.2,974.8,3,31,69,11,12.7,Overcast
Sitapatore Mine,2025-10-10,21.9,29.2,24.9,974.1,53,19,75,24,11.3,Moderate drizzle
Sitapatore Mine,2025-10-11,21.8,29.4,25.0,974.0,51,10,72,26,11.7,Light drizzle
Sitapatore Mine,2025-10-12,20.0,30.4,24.8,974.0,1,4,73,29,11.6,Mainly clear
Sitapatore Mine,2025-10-13,21.0,29.4,24.9,974.5,53,13,75,25,10.5,Moderate drizzle
Sitapatore Mine,2025-10-14,21.5,29.9,25.5,973.4,51,16,76,64,11.4,Light drizzle
Sitapatore Mine,2025-10-15,22.5,30.6,26.1,973.4,1,6,77,60,10.0,Mainly clear
Sitapatore Mine,2025-10-16,21.9,31.0,26.0,974.0,1,8,75,34,8.0,Mainly clear
Sitapatore Mine,2025-10-17,20.5,30.3,25.3,975.2,51,18,78,30,11.0,Light drizzle
Sitapatore Mine,2025-10-18,20.7,30.9,25.2,974.4,0,5,71,39,8.7,Clear sky
Sitapatore Mine,2025-10-19,19.8,30.9,24.9,973.5,0,1,63,34,11.2,Clear sky
Sitapatore Mine,2025-10-20,19.5,30.0,24.9,973.6,1,6,71,54,13.7,Mainly clear
Sitapatore Mine,2025-10-21,23.1,31.0,26.4,974.5,51,35,75,66,15.5,Light drizzle
Sitapatore Mine,2025-10-22,22.9,31.6,26.9,974.8,3,16,71,62,11.5,Overcast
Sitapatore Mine,2025-10-23,22.7,31.8,26.9,974.2,2,12,67,61,10.5,Partly cloudy
Sitapatore Mine,2025-10-24,22.8,31.4,26.9,974.1,3,19,67,80,11.2,Overcast
Sitapatore Mine,2025-10-25,22.8,27.1,25.0,974.0,53,94,85,51,10.7,Moderate drizzle
Sitapatore Mine,2025-10-26,21.5,27.9,23.7,974.3,63,87,91,53,9.5,Moderate rain
Sitapatore Mine,2025-10-27,21.9,30.3,25.4,973.5,53,65,80,80,15.5,Moderate drizzle
Sitapatore Mine,2025-10-28,23.4,29.6,26.1,972.4,51,93,75,53,21.3,Light drizzle
Sitapatore Mine,2025-10-29,23.8,29.8,26.0,969.6,61,100,81,47,22.6,Slight rain
Sitapatore Mine,2025-10-30,22.8,25.3,23.7,969.3,63,86,93,73,18.1,Moderate rain
Sitapatore Mine,2025-10-31,21.8,28.8,24.4,972.7,65,73,89,275,15.8,Heavy rain
Sitapatore Mine,2025-11-01,21.5,30.5,25.5,974.1,51,16,82,332,10.1,Light drizzle
Sitapatore Mine,2025-11-02,22.4,28.8,24.9,974.6,61,28,86,340,7.0,Slight rain
Sitapatore Mine,2025-11-03,21.4,31.8,26.1,973.8,51,12,73,324,8.4,Light drizzle
Sitapatore Mine,2025-11-04,20.4,29.9,24.5,973.5,55,40,77,316,6.6,Dense drizzle
Sitapatore Mine,2025-11-05,20.4,30.4,25.0,972.9,3,58,70,308,9.2,Overcast
Sitapatore Mine,2025-11-06,20.9,30.3,25.1,974.4,2,15,60,357,14.3,Partly cloudy
Sitapatore Mine,2025-11-07,18.1,29.6,23.3,976.2,0,1,54,19,13.0,Clear sky
Sitapatore Mine,2025-11-08,17.5,29.1,22.1,977.3,0,0,54,21,12.4,Clear sky
Sitapatore Mine,2025-11-09,14.3,27.8,20.4,976.3,0,0,54,12,12.8,Clear sky
Sitapatore Mine,2025-11-10,13.4,27.8,19.9,976.2,0,0,56,23,7.8,Clear sky
Sitapatore Mine,2025-11-11,13.5,27.7,19.8,977.0,0,0,54,12,8.0,Clear sky
Sitapatore Mine,2025-11-12,14.2,28.2,20.4,977.8,0,0,54,18,12.6,Clear sky
Sitapatore Mine,2025-11-13,15.2,27.7,20.9,978.8,0,0,48,19,12.7,Clear sky
Sitapatore Mine,2025-11-14,14.1,27.5,20.5,978.5,0,0,50,29,12.2,Clear sky
Sitapatore Mine,2025-11-15,15.4,27.5,20.8,979.3,0,0,49,30,12.6,Clear sky
Sitapatore Mine,2025-11-16,15.7,26.7,20.2,980.5,0,0,45,15,13.7,Clear sky
Sitapatore Mine,2025-11-17,15.5,26.1,20.0,980.0,0,0,51,26,13.3,Clear sky
Sitapatore Mine,2025-11-18,15.0,26.7,19.9,978.0,0,0,56,31,12.1,Clear sky
Sitapatore Mine,2025-11-19,13.5,26.9,19.9,977.8,0,0,59,26,9.9,Clear sky
Sitapatore Mine,2025-11-20,13.8,28.0,20.4,978.5,0,0,62,36,8.3,Clear sky
Sitapatore Mine,2025-11-21,14.5,28.7,21.2,979.6,0,0,63,26,9.5,Clear sky
Sitapatore Mine,2025-11-22,14.3,29.2,21.3,978.4,3,12,62,26,6.4,Overcast
Sitapatore Mine,2025-11-23,13.6,28.7,20.9,978.2,3,48,65,54,11.2,Overcast
Sitapatore Mine,2025-11-24,16.2,29.2,22.3,978.8,3,19,64,64,10.7,Overcast
Sitapatore Mine,2025-11-25,17.4,28.7,22.8,978.7,3,19,66,47,9.7,Overcast
Sitapatore Mine,2025-11-26,17.2,29.0,22.8,979.0,3,21,65,43,8.5,Overcast
Sitapatore Mine,2025-11-27,17.1,28.3,22.1,979.5,1,2,63,20,12.5,Mainly clear
Sitapatore Mine,2025-11-28,15.0,26.3,19.8,978.4,2,5,53,21,12.7,Partly cloudy
Sitapatore Mine,2025-11-29,14.5,26.7,19.9,977.3,3,67,55,25,11.3,Overcast
Sitapatore Mine,2025-11-30,15.8,26.6,20.7,976.8,3,85,50,24,12.3,Overcast
Sitapatore Mine,2025-12-01,15.2,27.1,20.6,976.6,3,51,56,37,11.2,Overcast
Sitapatore Mine,2025-12-02,15.3,27.5,20.5,976.7,1,5,54,17,11.9,Mainly clear
Sitapatore Mine,2025-12-03,15.2,27.0,20.4,978.6,2,5,54,27,12.4,Partly cloudy
Sitapatore Mine,2025-12-04,15.9,27.0,20.5,979.9,0,0,51,26,12.6,Clear sky
Sitapatore Mine,2025-12-05,15.7,26.8,20.2,981.1,3,38,52,18,12.8,Overcast
Sitapatore Mine,2025-12-06,14.4,26.6,19.3,981.0,3,87,41,18,12.8,Overcast
Sitapatore Mine,2025-12-07,13.2,28.2,19.9,980.5,3,91,46,23,12.8,Overcast
Sitapatore Mine,2025-12-08,14.3,29.0,20.8,980.1,3,15,42,17,13.0,Overcast
Sitapatore Mine,2025-12-09,14.3,28.5,20.8,979.7,0,0,40,11,13.7,Clear sky
Sitapatore Mine,2025-12-10,14.9,28.0,20.3,980.1,0,0,37,15,13.0,Clear sky
Sitapatore Mine,2025-12-11,12.7,27.8,19.5,978.9,0,0,48,14,12.8,Clear sky
Sitapatore Mine,2025-12-12,12.5,27.8,19.7,977.9,0,0,50,11,12.1,Clear sky
Sitapatore Mine,2025-12-13,13.0,27.8,20.1,978.0,0,0,46,13,13.3,Clear sky
Sitapatore Mine,2025-12-14,13.8,27.4,20.2,978.7,0,0,48,15,13.3,Clear sky
Sitapatore Mine,2025-12-15,14.8,26.9,19.8,979.2,0,0,53,27,12.5,Clear sky
Sitapatore Mine,2025-12-16,14.6,27.2,19.6,978.9,0,0,54,25,12.0,Clear sky
Sitapatore Mine,2025-12-17,12.5,29.8,19.8,979.7,0,0,49,10,13.1,Clear sky
Sitapatore Mine,2025-12-18,13.0,28.6,19.7,979.6,0,0,53,2,12.1,Clear sky
Sitapatore Mine,2025-12-19,12.9,26.8,18.8,977.8,0,0,57,1,12.0,Clear sky
Sitapatore Mine,2025-12-20,11.8,27.4,18.7,976.7,0,0,54,14,13.3,Clear sky
Sitapatore Mine,2025-12-21,13.0,27.8,19.5,977.8,3,71,47,17,13.8,Overcast
Sitapatore Mine,2025-12-22,14.0,27.4,19.6,977.8,3,49,54,12,12.7,Overcast
Sitapatore Mine,2025-12-23,13.0,28.1,19.9,977.2,3,8,51,18,14.6,Overcast
Sitapatore Mine,2025-12-24,13.5,27.3,20.1,977.3,3,50,53,19,13.0,Overcast
Sitapatore Mine,2025-12-25,14.7,27.2,20.2,977.8,3,10,55,27,10.6,Overcast
Sitapatore Mine,2025-12-26,14.3,27.1,19.9,977.8,0,0,54,19,15.3,Clear sky
Sitapatore Mine,2025-12-27,12.4,27.3,19.4,978.0,0,0,49,11,11.3,Clear sky
Sitapatore Mine,2025-12-28,11.6,27.7,19.0,978.5,0,0,48,17,9.0,Clear sky
Sitapatore Mine,2025-12-29,12.1,27.8,18.9,978.1,0,0,47,15,8.1,Clear sky
Sitapatore Mine,2025-12-30,11.0,28.1,18.6,976.5,2,13,46,302,7.9,Partly cloudy
Sitapatore Mine,2025-12-31,10.0,27.6,18.6,974.6,0,0,52,232,6.7,Clear sky
Sitapatore Mine,2026-01-01,12.0,28.1,19.5,975.3,1,4,52,317,11.6,Mainly clear
Sitapatore Mine,2026-01-02,14.5,28.2,20.9,977.4,1,16,54,332,13.9,Mainly clear
Sitapatore Mine,2026-01-03,15.3,27.9,21.2,978.4,1,12,59,355,15.3,Mainly clear
Sitapatore Mine,2026-01-04,14.9,27.7,20.6,979.6,1,4,63,0,15.5,Mainly clear
Sitapatore Mine,2026-01-05,13.6,25.5,18.4,981.1,0,0,52,14,13.2,Clear sky
Sitapatore Mine,2026-01-06,10.5,26.7,17.9,980.8,0,0,47,15,10.3,Clear sky
Sitapatore Mine,2026-01-07,10.6,27.3,19.0,981.2,3,15,47,30,9.8,Overcast
Sitapatore Mine,2026-01-08,13.5,27.5,19.9,981.4,3,10,44,35,12.6,Overcast
Sitapatore Mine,2026-01-09,13.2,27.1,19.7,980.9,3,64,43,26,14.7,Overcast
Sitapatore Mine,2026-01-10,12.6,27.0,19.4,980.2,3,13,42,47,10.9,Overcast
Sitapatore Mine,2026-01-11,12.0,26.9,19.3,981.4,0,0,44,39,9.5,Clear sky
Sitapatore Mine,2026-01-12,13.6,27.0,19.8,981.9,0,0,43,51,10.2,Clear sky
Sitapatore Mine,2026-01-13,14.5,28.2,20.5,980.8,0,0,45,16,10.4,Clear sky
Sitapatore Mine,2026-01-14,14.1,29.0,20.8,978.2,1,5,51,333,13.9,Mainly clear
Sitapatore Mine,2026-01-15,14.7,28.6,21.0,978.1,0,0,47,8,12.7,Clear sky
Sitapatore Mine,2026-01-16,12.6,28.7,19.8,977.9,1,2,46,21,8.6,Mainly clear
Sitapatore Mine,2026-01-17,11.8,30.1,20.4,976.2,2,9,41,291,11.7,Partly cloudy
Sitapatore Mine,2026-01-18,13.7,29.9,21.1,974.4,1,2,42,196,7.2,Mainly clear
Sitapatore Mine,2026-01-19,13.7,29.7,21.4,975.7,0,1,39,171,8.8,Clear sky
Sitapatore Mine,2026-01-20,16.0,29.9,22.3,976.7,3,42,48,349,11.4,Overcast
Sitapatore Mine,2026-01-21,17.5,29.2,22.8,978.4,3,30,47,28,11.9,Overcast
Sitapatore Mine,2026-01-22,17.6,29.5,22.2,978.7,3,10,41,57,11.1,Overcast
Sitapatore Mine,2026-01-23,16.0,29.1,21.6,979.0,3,15,40,160,12.9,Overcast
Sitapatore Mine,2026-01-24,15.7,28.7,21.6,980.3,3,24,44,85,7.9,Overcast
Sitapatore Mine,2026-01-25,14.6,29.6,21.5,979.1,3,12,49,20,11.0,Overcast
Sitapatore Mine,2026-01-26,14.5,29.4,21.5,980.1,1,7,48,46,9.3,Mainly clear
Sitapatore Mine,2026-01-27,14.8,29.5,21.9,980.1,0,1,47,158,9.6,Clear sky
Sitapatore Mine,2026-01-28,16.6,28.6,22.6,979.2,51,20,54,333,14.4,Light drizzle
Sitapatore Mine,2026-01-29,16.7,29.1,22.2,979.5,3,41,61,9,15.8,Overcast
Sitapatore Mine,2026-01-30,15.8,30.0,22.0,979.8,3,89,53,5,10.9,Overcast
Sitapatore Mine,2026-01-31,15.3,30.6,22.7,979.8,3,98,43,14,13.7,Overcast
Sitapatore Mine,2026-02-01,17.1,30.5,23.4,979.9,3,80,41,34,12.1,Overcast
Sitapatore Mine,2026-02-02,16.6,30.8,23.1,979.8,3,38,45,44,8.0,Overcast
Sitapatore Mine,2026-02-03,16.0,30.6,23.2,980.1,1,13,46,51,14.2,Mainly clear
Sitapatore Mine,2026-02-04,17.5,30.1,23.3,980.8,1,5,48,37,13.2,Mainly clear
Sitapatore Mine,2026-02-05,17.4,30.6,23.8,980.8,3,20,51,13,15.3,Overcast
Sitapatore Mine,2026-02-06,17.5,31.1,23.4,980.7,1,1,45,13,13.3,Mainly clear
Sitapatore Mine,2026-02-07,15.7,30.1,22.3,979.4,0,0,40,10,13.7,Clear sky
Sitapatore Mine,2026-02-08,15.7,30.0,22.2,978.0,0,0,42,21,8.5,Clear sky
Sitapatore Mine,2026-02-09,15.8,30.7,22.8,977.3,0,0,40,346,11.4,Clear sky
Sitapatore Mine,2026-02-10,16.7,31.7,23.5,977.9,1,1,37,16,9.8,Mainly clear
Sitapatore Mine,2026-02-11,17.5,32.1,24.2,979.5,1,2,39,53,9.5,Mainly clear
Sitapatore Mine,2026-02-12,17.5,32.1,24.4,979.0,1,4,42,39,9.8,Mainly clear
Sitapatore Mine,2026-02-13,18.3,31.6,25.1,977.8,3,72,39,17,12.5,Overcast
Sitapatore Mine,2026-02-14,19.6,33.0,25.8,976.6,2,12,40,336,13.0,Partly cloudy
Sitapatore Mine,2026-02-15,19.4,32.8,25.5,976.7,3,8,37,13,12.7,Overcast
Sitapatore Mine,2026-02-16,17.9,31.6,24.4,976.1,0,0,29,61,9.5,Clear sky
Sitapatore Mine,2026-02-17,15.7,32.6,24.4,976.0,0,0,31,44,13.0,Clear sky
Sitapatore Mine,2026-02-18,16.5,32.1,24.4,975.7,2,6,34,64,10.4,Partly cloudy
Sitapatore Mine,2026-02-19,18.7,32.1,25.2,977.1,0,0,32,50,14.1,Clear sky
Sitapatore Mine,2026-02-20,18.4,33.0,25.4,978.2,1,2,36,43,15.1,Mainly clear
Sitapatore Mine,2026-02-21,19.4,32.7,25.6,975.5,3,14,40,354,12.8,Overcast
Sitapatore Mine,2026-02-22,18.4,34.2,26.1,972.7,1,15,41,302,12.0,Mainly clear
Sitapatore Mine,2026-02-23,19.8,32.5,25.9,972.7,3,31,40,289,14.6,Overcast
Sitapatore Mine,2026-02-24,19.2,32.6,25.3,974.2,3,24,36,330,16.6,Overcast
Sitapatore Mine,2026-02-25,18.7,32.1,25.2,975.2,3,26,35,16,12.8,Overcast
Sitapatore Mine,2026-02-26,18.6,33.7,25.8,974.1,3,16,30,346,13.5,Overcast
Sitapatore Mine,2026-02-27,18.5,33.5,25.9,972.1,3,25,33,294,9.6,Overcast
Sitapatore Mine,2026-02-28,20.9,34.5,27.4,971.1,3,41,37,227,13.9,Overcast
Sitapatore Mine,2026-03-01,20.6,35.4,27.9,972.1,1,2,36,304,18.4,Mainly clear
Sitapatore Mine,2026-03-02,20.9,35.2,27.8,974.6,0,0,31,12,13.5,Clear sky
Sitapatore Mine,2026-03-03,19.8,35.8,27.6,975.6,0,0,30,4,12.1,Clear sky
Sitapatore Mine,2026-03-04,20.4,37.0,28.3,975.8,0,0,26,7,12.8,Clear sky
Sitapatore Mine,2026-03-05,19.8,37.4,28.5,974.1,0,0,24,340,12.9,Clear sky
Sitapatore Mine,2026-03-06,24.2,37.8,30.0,973.0,0,0,23,352,14.2,Clear sky
Sitapatore Mine,2026-03-07,22.6,37.2,29.5,973.8,0,0,27,6,13.4,Clear sky
Sitapatore Mine,2026-03-08,22.9,37.3,29.7,974.7,0,0,30,8,15.1,Clear sky
Sitapatore Mine,2026-03-09,23.3,38.1,30.5,975.2,0,0,25,20,14.9,Clear sky
Sitapatore Mine,2026-03-10,23.5,37.7,29.9,976.3,0,0,26,35,10.1,Clear sky
Sitapatore Mine,2026-03-11,22.9,38.5,30.0,975.7,0,0,23,12,12.6,Clear sky
Sitapatore Mine,2026-03-12,20.8,39.2,29.4,973.1,0,0,21,310,13.2,Clear sky
Sitapatore Mine,2026-03-13,19.1,39.0,29.6,971.9,0,0,20,299,12.4,Clear sky
Sitapatore Mine,2026-03-14,20.7,38.7,29.3,972.4,0,0,19,242,14.3,Clear sky
Sitapatore Mine,2026-03-15,22.5,38.3,29.7,973.0,2,8,26,250,16.4,Partly cloudy
Sitapatore Mine,2026-03-16,22.4,37.4,28.9,971.9,2,24,30,232,16.9,Partly cloudy
Sitapatore Mine,2026-03-17,22.8,36.9,29.2,972.1,1,18,31,226,15.1,Mainly clear
Sitapatore Mine,2026-03-18,22.5,34.0,28.1,974.2,3,91,33,206,16.0,Overcast
Sitapatore Mine,2026-03-19,20.5,35.7,27.2,974.9,3,50,38,262,16.1,Overcast
Sitapatore Mine,2026-03-20,20.8,32.5,25.1,973.4,3,65,42,282,22.7,Overcast
Sitapatore Mine,2026-03-21,19.8,32.3,25.3,974.7,3,12,39,9,13.9,Overcast
Sitapatore Mine,2026-03-22,19.1,34.2,26.0,975.5,3,49,30,15,12.2,Overcast
Sitapatore Mine,2026-03-23,19.3,35.4,27.1,974.5,3,15,33,321,9.4,Overcast
Sitapatore Mine,2026-03-24,20.5,36.2,28.2,972.5,3,17,32,273,16.4,Overcast
Sitapatore Mine,2026-03-25,22.9,37.3,29.7,972.8,3,21,32,351,14.0,Overcast
Sitapatore Mine,2026-03-26,22.5,37.9,30.6,974.1,1,10,31,68,12.0,Mainly clear
Sitapatore Mine,2026-03-27,23.3,39.3,31.1,971.3,3,30,28,283,22.0,Overcast
Sitapatore Mine,2026-03-28,24.5,38.7,31.1,969.4,3,13,26,299,17.3,Overcast
Sitapatore Mine,2026-03-29,22.3,39.8,31.4,970.1,0,2,29,306,18.2,Clear sky
Sitapatore Mine,2026-03-30,24.3,39.1,32.3,971.2,63,32,30,315,23.4,Moderate rain
Sitapatore Mine,2026-03-31,22.0,35.7,29.3,973.8,55,50,44,207,16.0,Dense drizzle
Sitapatore Mine,2026-04-01,23.4,37.5,29.9,973.1,3,32,39,268,10.8,Overcast
Sitapatore Mine,2026-04-02,24.1,34.9,28.5,974.1,3,67,44,242,14.8,Overcast
Sitapatore Mine,2026-04-03,24.5,37.5,30.4,973.5,3,55,39,290,14.8,Overcast
Sitapatore Mine,2026-04-04,23.3,34.6,28.2,972.9,51,90,46,294,16.3,Light drizzle
Sitapatore Mine,2026-04-05,22.4,34.5,28.4,972.0,2,32,43,275,15.9,Partly cloudy
Sitapatore Mine,2026-04-06,23.2,36.0,28.7,971.7,2,13,30,331,13.3,Partly cloudy
Sitapatore Mine,2026-04-07,21.2,36.8,28.6,971.7,2,5,29,287,23.2,Partly cloudy
Sitapatore Mine,2026-04-08,23.5,34.0,28.8,971.3,3,19,39,296,22.6,Overcast
Sitapatore Mine,2026-04-09,22.5,35.9,28.8,973.4,1,7,38,329,14.9,Mainly clear
Sitapatore Mine,2026-04-10,23.6,36.7,29.5,975.2,0,0,29,22,13.8,Clear sky
Sitapatore Mine,2026-04-11,22.6,37.6,29.4,974.5,0,0,22,23,12.7,Clear sky
Sitapatore Mine,2026-04-12,19.5,39.5,30.1,971.0,0,0,27,273,12.8,Clear sky
Sitapatore Mine,2026-04-13,23.4,40.1,31.6,971.6,0,1,28,360,19.9,Clear sky
Sitapatore Mine,2026-04-14,25.4,40.3,32.8,971.5,0,0,25,11,17.8,Clear sky
Sitapatore Mine,2026-04-15,23.4,42.1,32.8,968.9,0,0,23,288,15.7,Clear sky
Sitapatore Mine,2026-04-16,25.6,42.7,33.3,969.0,3,9,22,225,12.2,Overcast
Sitapatore Mine,2026-04-17,26.7,42.1,33.5,970.6,3,61,22,3,10.4,Overcast
Sitapatore Mine,2026-04-18,29.5,43.0,35.4,970.3,3,94,19,11,14.7,Overcast
Sitapatore Mine,2026-04-19,27.6,43.0,34.8,969.8,3,33,18,270,16.5,Overcast
Sitapatore Mine,2026-04-20,28.1,41.5,34.3,970.3,3,79,23,301,17.4,Overcast
Sitapatore Mine,2026-04-21,27.1,40.6,33.5,970.1,3,44,23,287,12.1,Overcast
Sitapatore Mine,2026-04-22,25.8,41.5,33.7,970.0,3,72,20,289,17.9,Overcast
Sitapatore Mine,2026-04-23,25.1,41.8,33.3,970.2,3,75,20,29,19.6,Overcast
Sitapatore Mine,2026-04-24,27.0,42.2,34.3,970.0,3,46,19,337,12.0,Overcast
Sitapatore Mine,2026-04-25,25.0,44.1,34.6,970.3,3,33,21,284,17.2,Overcast
Sitapatore Mine,2026-04-26,26.3,43.7,35.0,968.9,3,18,22,261,12.3,Overcast
Sitapatore Mine,2026-04-27,26.1,42.9,34.7,967.5,1,17,25,309,16.2,Mainly clear
Sitapatore Mine,2026-04-28,26.2,43.0,35.1,967.7,3,10,24,274,26.8,Overcast
Sitapatore Mine,2026-04-29,27.7,43.3,35.0,967.4,1,5,19,271,27.2,Mainly clear
Sitapatore Mine,2026-04-30,28.6,40.4,34.3,968.2,3,29,22,287,23.6,Overcast
Sitapatore Mine,2026-05-01,24.8,40.0,32.2,968.7,2,19,33,306,16.7,Partly cloudy
Sitapatore Mine,2026-05-02,26.5,41.0,33.0,967.3,51,34,35,292,34.8,Light drizzle
Sitapatore Mine,2026-05-03,23.3,41.1,32.2,967.7,3,13,38,289,20.5,Overcast
Sitapatore Mine,2026-05-04,26.0,40.9,33.0,968.1,1,7,27,256,14.5,Mainly clear
Sitapatore Mine,2026-05-05,26.3,39.0,32.2,970.3,2,15,29,155,15.3,Partly cloudy
Sitapatore Mine,2026-05-06,23.7,36.8,30.1,970.9,1,8,42,251,11.6,Mainly clear
Sitapatore Mine,2026-05-07,23.8,38.6,31.4,971.2,3,26,36,188,14.3,Overcast
Sitapatore Mine,2026-05-08,22.7,38.5,31.1,971.9,1,10,37,247,10.6,Mainly clear
Sitapatore Mine,2026-05-09,25.4,37.5,30.1,971.8,51,29,40,223,29.5,Light drizzle
Sitapatore Mine,2026-05-10,23.1,38.3,31.1,970.1,1,6,41,204,10.4,Mainly clear
Sitapatore Mine,2026-05-11,26.4,39.8,33.2,969.6,1,8,34,215,13.1,Mainly clear
Sitapatore Mine,2026-05-12,27.1,40.3,33.5,968.3,2,8,36,319,15.6,Partly cloudy
Sitapatore Mine,2026-05-13,27.9,40.5,33.8,967.0,51,13,40,239,13.8,Light drizzle
Sitapatore Mine,2026-05-14,27.5,41.8,34.5,966.0,1,14,38,179,17.2,Mainly clear
Sitapatore Mine,2026-05-15,27.8,41.4,35.3,965.7,51,17,36,202,13.4,Light drizzle
Sitapatore Mine,2026-05-16,28.6,39.8,34.2,966.6,2,17,40,107,15.3,Partly cloudy
Sitapatore Mine,2026-05-17,28.1,41.8,34.3,967.6,3,33,40,203,16.3,Overcast
Sitapatore Mine,2026-05-18,28.2,42.1,35.0,966.9,2,12,35,222,12.5,Partly cloudy
Sitapatore Mine,2026-05-19,29.1,41.9,35.3,966.8,1,9,35,218,12.2,Mainly clear
Sitapatore Mine,2026-05-20,28.9,43.4,36.3,965.8,3,38,29,140,15.9,Overcast
Sitapatore Mine,2026-05-21,31.0,43.1,36.5,966.7,3,16,24,350,19.4,Overcast
Sitapatore Mine,2026-05-22,31.5,43.8,37.0,968.1,3,37,21,353,18.5,Overcast
Sitapatore Mine,2026-05-23,30.6,43.2,36.7,968.6,3,31,22,309,20.8,Overcast
Sitapatore Mine,2026-05-24,28.8,43.6,36.0,968.5,2,8,26,349,21.9,Partly cloudy
Sitapatore Mine,2026-05-25,30.2,44.3,37.5,968.0,3,26,22,334,15.3,Overcast
Sitapatore Mine,2026-05-26,30.9,43.2,36.7,968.2,3,23,25,285,13.7,Overcast
Sitapatore Mine,2026-05-27,30.0,43.2,36.8,968.1,1,9,23,294,17.6,Mainly clear
Sitapatore Mine,2026-05-28,32.0,44.6,37.6,967.9,2,30,23,276,17.4,Partly cloudy
Sitapatore Mine,2026-05-29,30.1,40.4,35.1,968.0,51,16,31,278,18.0,Light drizzle
Sitapatore Mine,2026-05-30,26.3,39.4,31.8,968.3,51,12,47,346,25.9,Light drizzle
Sitapatore Mine,2026-05-31,24.5,38.8,31.6,970.2,3,16,45,306,17.5,Overcast
Sitapatore Mine,2026-06-01,26.1,38.8,32.8,970.8,3,22,38,321,17.2,Overcast
Sitapatore Mine,2026-06-02,27.0,37.5,32.8,969.8,51,20,38,285,12.6,Light drizzle
Sitapatore Mine,2026-06-03,27.0,38.9,33.1,967.7,51,12,40,288,15.2,Light drizzle
Sitapatore Mine,2026-06-04,26.5,39.5,33.3,966.2,51,11,45,314,12.4,Light drizzle
Sitapatore Mine,2026-06-05,28.2,37.6,33.0,966.4,51,15,39,303,13.3,Light drizzle
Sitapatore Mine,2026-06-06,28.3,37.3,32.7,967.1,53,15,43,332,24.6,Moderate drizzle
Sitapatore Mine,2026-06-07,28.2,39.4,34.0,967.6,51,38,39,334,13.2,Light drizzle
Sitapatore Mine,2026-06-08,29.1,40.7,34.8,966.7,51,72,40,278,10.3,Light drizzle
Sitapatore Mine,2026-06-09,27.7,40.4,34.3,966.1,51,44,44,255,11.0,Light drizzle
Sitapatore Mine,2026-06-10,29.2,40.8,33.6,966.3,53,53,46,280,17.3,Moderate drizzle
Sitapatore Mine,2026-06-11,26.8,39.8,33.2,966.5,51,20,49,243,13.8,Light drizzle
Sitapatore Mine,2026-06-12,27.1,38.5,32.2,968.4,51,42,51,193,16.4,Light drizzle
Sitapatore Mine,2026-06-13,24.8,35.2,28.9,969.2,61,50,69,271,14.9,Slight rain
Sitapatore Mine,2026-06-14,24.0,37.0,29.6,968.0,55,38,64,307,16.0,Dense drizzle
Sitapatore Mine,2026-06-15,25.7,37.5,31.5,968.1,53,55,47,304,15.2,Moderate drizzle
Sitapatore Mine,2026-06-16,27.2,37.9,31.9,968.8,61,42,51,330,20.9,Slight rain
Sitapatore Mine,2026-06-17,26.7,38.3,31.1,969.2,61,47,57,312,20.1,Slight rain
Sitapatore Mine,2026-06-18,26.9,36.6,30.6,969.1,63,52,61,300,15.0,Moderate rain
Sitapatore Mine,2026-06-19,26.8,38.3,32.4,968.9,3,48,48,286,14.9,Overcast
Sitapatore Mine,2026-06-20,26.9,38.8,32.8,969.4,3,56,44,294,17.2,Overcast
Sitapatore Mine,2026-06-21,28.3,38.7,33.3,968.5,53,48,46,286,20.5,Moderate drizzle
Sitapatore Mine,2026-06-22,26.5,38.1,31.5,968.7,61,55,57,269,15.0,Slight rain
Sitapatore Mine,2026-06-23,24.5,35.4,28.8,968.3,63,60,72,243,16.7,Moderate rain
Sitapatore Mine,2026-06-24,24.3,32.3,27.6,967.4,61,67,81,247,11.9,Slight rain
Sitapatore Mine,2026-06-25,25.1,32.9,28.8,967.5,53,71,74,241,8.4,Moderate drizzle
Sitapatore Mine,2026-06-26,25.2,36.3,28.9,968.2,61,81,77,332,11.1,Slight rain
Sitapatore Mine,2026-06-27,25.2,36.5,29.0,967.8,63,72,77,308,14.5,Moderate rain
Sitapatore Mine,2026-06-28,25.3,35.6,29.0,966.9,61,93,81,233,17.3,Slight rain
Sitapatore Mine,2026-06-29,25.0,34.7,28.1,966.4,63,90,84,253,16.8,Moderate rain
Sitapatore Mine,2026-06-30,25.1,28.5,26.0,966.4,63,99,94,253,11.4,Moderate rain
Sitapatore Mine,2026-07-01,24.0,28.5,25.6,965.8,63,99,96,257,12.3,Moderate rain
Sitapatore Mine,2026-07-02,24.4,26.8,25.5,965.6,63,100,98,264,11.0,Moderate rain
Sitapatore Mine,2026-07-03,24.1,27.6,25.4,964.3,63,99,97,249,11.6,Moderate rain
Sitapatore Mine,2026-07-04,23.9,31.5,26.4,962.5,63,97,93,260,14.7,Moderate rain
Sitapatore Mine,2026-07-05,23.7,32.2,26.7,962.8,61,97,90,253,13.0,Slight rain
Sitapatore Mine,2026-07-06,24.9,31.3,27.3,962.5,53,99,85,237,13.0,Moderate drizzle
Sitapatore Mine,2026-07-07,24.8,31.0,26.8,962.3,61,94,84,213,20.1,Slight rain
Sitapatore Mine,2026-07-08,24.7,30.5,26.9,963.5,61,92,84,217,23.1,Slight rain
Sitapatore Mine,2026-07-09,24.4,33.1,28.0,966.4,53,90,79,255,18.7,Moderate drizzle
Sitapatore Mine,2026-07-10,24.6,33.0,28.5,968.0,51,87,73,265,17.8,Light drizzle
Sitapatore Mine,2026-07-11,26.1,33.2,28.8,967.2,51,59,66,268,20.4,Light drizzle
Sitapatore Mine,2026-07-12,25.7,33.5,29.0,965.7,3,67,67,263,18.0,Overcast
Sitapatore Mine,2026-07-13,25.4,33.8,29.3,966.2,51,91,67,276,16.6,Light drizzle
Sitapatore Mine,2026-07-14,26.2,34.4,29.7,967.2,51,78,64,283,18.2,Light drizzle
Sitapatore Mine,2026-07-15,25.9,33.0,29.0,967.9,53,77,67,294,13.1,Moderate drizzle
Sitapatore Mine,2026-07-16,25.8,33.7,29.0,968.0,53,99,76,303,14.0,Moderate drizzle
Sitapatore Mine,2026-07-17,24.1,26.9,25.6,968.5,63,100,96,251,12.8,Moderate rain
Sitapatore Mine,2026-07-18,23.9,29.6,26.3,968.0,61,98,90,257,12.2,Slight rain
Sitapatore Mine,2026-07-19,24.9,32.4,26.9,967.9,65,97,88,285,17.0,Heavy rain
Sitapatore Mine,2026-07-20,24.8,29.6,26.4,967.7,65,100,92,252,12.2,Heavy rain
Sitapatore Mine,2026-07-21,23.9,26.2,24.8,967.0,63,100,97,241,12.3,Moderate rain
Sitapatore Mine,2026-07-22,23.5,26.1,24.4,965.6,63,99,95,234,17.9,Moderate rain
Sitapatore Mine,2026-07-23,23.2,27.7,24.9,965.6,53,86,87,220,21.9,Moderate drizzle
Sitapatore Mine,2026-07-24,24.1,31.6,26.7,966.3,53,63,81,224,17.8,Moderate drizzle
Sitapatore Mine,2026-07-25,24.1,32.6,27.9,966.7,51,87,78,245,14.1,Light drizzle
Sitapatore Mine,2026-07-26,25.6,32.9,28.3,966.4,63,93,76,270,12.4,Moderate rain
Sitapatore Mine,2026-07-27,24.5,32.1,27.0,965.2,63,95,87,257,9.7,Moderate rain
Sitapatore Mine,2026-07-28,24.0,30.8,26.4,964.0,63,96,92,266,11.9,Moderate rain
Sitapatore Mine,2026-07-29,24.6,30.5,26.4,961.0,65,98,92,311,18.1,Heavy rain
Sitapatore Mine,2026-07-30,24.5,30.8,26.9,957.9,53,83,85,34,20.6,Moderate drizzle
Sitapatore Mine,2026-07-31,24.0,27.4,25.2,960.4,55,86,94,144,23.1,Dense drizzle
Sitapatore Mine,2026-08-01,23.5,30.0,26.8,964.5,51,90,83,205,16.4,Light drizzle
Sitapatore Mine,2026-08-02,25.3,31.7,28.1,966.6,51,85,77,238,14.4,Light drizzle
Sitapatore Mine,2026-08-03,25.0,32.4,28.5,967.6,51,97,79,247,12.1,Light drizzle
Sitapatore Mine,2026-08-04,25.3,32.3,27.8,968.2,53,88,84,268,12.2,Moderate drizzle
Sitapatore Mine,2026-08-05,25.4,32.3,28.4,966.5,51,89,80,242,13.8,Light drizzle
Sitapatore Mine,2026-08-06,25.2,32.2,28.4,965.8,51,93,75,260,13.4,Light drizzle
Sitapatore Mine,2026-08-07,24.6,30.3,26.2,965.4,63,98,89,267,14.2,Moderate rain
Sitapatore Mine,2026-08-08,23.8,30.8,26.0,965.8,63,96,93,273,13.7,Moderate rain
Sitapatore Mine,2026-08-09,23.6,28.6,25.1,966.4,63,93,95,259,13.5,Moderate rain
Sitapatore Mine,2026-08-10,23.7,30.7,26.2,966.2,55,59,86,254,17.1,Dense drizzle
Sitapatore Mine,2026-08-11,23.3,30.0,26.2,965.8,53,73,84,239,14.5,Moderate drizzle
Sitapatore Mine,2026-08-12,24.1,30.6,26.3,966.9,53,82,89,235,13.6,Moderate drizzle
Sitapatore Mine,2026-08-13,24.2,31.0,27.3,968.2,51,90,80,259,13.0,Light drizzle
Sitapatore Mine,2026-08-14,24.6,30.0,26.7,967.9,51,99,80,269,14.9,Light drizzle
Sitapatore Mine,2026-08-15,24.1,29.5,26.3,967.0,61,98,87,269,16.9,Slight rain
Sitapatore Mine,2026-08-16,24.1,29.9,26.0,967.3,61,95,88,274,17.5,Slight rain
Sitapatore Mine,2026-08-17,23.9,29.6,25.8,969.2,55,100,88,260,15.0,Dense drizzle
Sitapatore Mine,2026-08-18,23.6,28.0,25.3,969.6,53,100,92,254,10.9,Moderate drizzle
Sitapatore Mine,2026-08-19,23.7,27.2,24.9,968.9,63,100,96,263,11.4,Moderate rain
Sitapatore Mine,2026-08-20,23.8,31.6,27.1,968.3,51,90,80,278,13.6,Light drizzle
Sitapatore Mine,2026-08-21,23.8,30.3,26.3,967.9,55,97,84,272,14.7,Dense drizzle
Sitapatore Mine,2026-08-22,23.4,27.9,25.4,967.5,61,100,95,280,17.4,Slight rain
Sitapatore Mine,2026-08-23,23.9,30.6,26.0,968.0,63,97,93,285,13.6,Moderate rain
Sitapatore Mine,2026-08-24,24.4,31.5,26.2,967.8,61,99,92,276,12.5,Slight rain
Sitapatore Mine,2026-08-25,24.3,29.9,26.2,967.7,63,98,90,265,15.1,Moderate rain
Sitapatore Mine,2026-08-26,23.9,31.6,26.9,967.7,55,90,86,259,15.0,Dense drizzle
Sitapatore Mine,2026-08-27,23.9,30.8,26.0,968.1,63,95,88,272,20.3,Moderate rain
Sitapatore Mine,2026-08-28,23.6,30.9,26.4,968.3,53,91,82,264,16.1,Moderate drizzle
Sitapatore Mine,2026-08-29,23.7,26.8,24.9,968.1,63,100,94,260,12.8,Moderate rain
Sitapatore Mine,2026-08-30,23.4,30.5,26.6,968.5,51,98,78,289,17.4,Light drizzle
Sitapatore Mine,2026-08-31,23.5,29.5,26.4,969.0,3,96,76,286,19.0,Overcast
Sitapatore Mine,2026-09-01,23.6,30.0,26.6,969.5,51,94,76,286,17.4,Light drizzle
Sitapatore Mine,2026-09-02,22.9,27.1,24.6,969.8,55,100,91,259,12.8,Dense drizzle
Sitapatore Mine,2026-09-03,22.2,26.8,24.3,969.0,63,100,92,255,17.8,Moderate rain
Sitapatore Mine,2026-09-04,23.2,28.1,25.1,970.2,53,81,85,245,18.3,Moderate drizzle
Sitapatore Mine,2026-09-05,22.3,28.4,25.0,971.8,63,59,86,242,17.2,Moderate rain
Sitapatore Mine,2026-09-06,22.8,30.7,26.4,972.5,51,22,82,250,13.8,Light drizzle
Sitapatore Mine,2026-09-07,23.2,30.8,26.5,972.3,61,18,83,268,13.6,Slight rain
Sitapatore Mine,2026-09-08,23.8,31.7,27.2,971.8,51,25,83,265,14.3,Light drizzle
Sitapatore Mine,2026-09-09,24.0,32.2,27.9,971.5,51,74,74,308,9.8,Light drizzle
Sitapatore Mine,2026-09-10,24.9,32.2,28.2,970.9,51,95,70,325,12.9,Light drizzle
Sitapatore Mine,2026-09-11,25.0,29.5,26.6,969.2,63,97,84,351,13.1,Moderate rain
Sitapatore Mine,2026-09-12,23.8,28.7,25.7,968.3,63,92,92,46,12.8,Moderate rain
Sitapatore Mine,2026-09-13,23.9,26.5,24.9,971.2,63,91,92,185,20.2,Moderate rain
Sitapatore Mine,2026-09-14,23.0,27.9,25.1,974.4,61,55,90,198,13.0,Slight rain
Sitapatore Mine,2026-09-15,23.1,30.3,26.0,974.6,53,29,87,240,9.1,Moderate drizzle
Sitapatore Mine,2026-09-16,23.8,31.9,27.2,973.8,51,20,82,279,9.0,Light drizzle
Sitapatore Mine,2026-09-17,23.9,31.5,27.1,972.7,63,21,83,312,8.9,Moderate rain
Sitapatore Mine,2026-09-18,23.5,32.2,26.5,972.8,61,43,88,326,9.8,Slight rain
Sitapatore Mine,2026-09-19,23.1,31.6,27.0,973.7,51,52,84,345,6.3,Light drizzle
Sitapatore Mine,2026-09-20,24.1,31.5,26.7,974.3,53,66,83,28,13.0,Moderate drizzle
Sitapatore Mine,2026-09-21,23.9,31.0,26.9,972.6,53,59,84,23,9.7,Moderate drizzle
Sitapatore Mine,2026-09-22,24.8,31.6,26.7,970.5,63,71,87,17,11.2,Moderate rain
Sitapatore Mine,2026-09-23,25.4,31.9,27.7,967.8,61,85,80,13,19.8,Slight rain
Sitapatore Mine,2026-09-24,24.6,30.8,26.9,965.2,53,98,80,4,22.3,Moderate drizzle
Sitapatore Mine,2026-09-25,23.2,25.6,24.5,962.4,65,100,91,331,24.8,Heavy rain
Sitapatore Mine,2026-09-26,21.8,29.1,24.8,966.9,61,99,82,267,18.2,Slight rain
Sitapatore Mine,2026-09-27,21.0,31.1,25.4,971.8,51,22,80,271,11.1,Light drizzle
Sitapatore Mine,2026-09-28,21.3,32.1,26.2,973.1,1,5,78,310,8.4,Mainly clear
Sitapatore Mine,2026-09-29,21.4,31.9,26.3,974.9,0,5,71,336,6.7,Clear sky
